okaranam_key,okaranam_varsham,okaranam_masam,okaranam_paksham,okaranam_karanam,okaranam_ruthu,okaranam_start_date,okaranam_end_date,okaranam_date_adv,okaranam_start_hour,okaranam_start_mins,okaranam_end_hour,okaranam_end_mins,okaranam_duration,okaranam_first_derivative,okaranam_thithi,okaranam_thithi_vibhagam,okaranam_number,okaranam_prev_number,okaranam_next_number
KOW,VWV,PHA,SHU,KOW,SHI,20260228,20260301,0,15,13,2,24,671,0,TRY,1,25,24,26
TAI,VWV,PHA,SHU,TAI,SHI,20260301,20260301,0,2,24,13,39,675,0,TRY,2,26,25,27
GAR,VWV,PHA,SHU,GAR,SHI,20260301,20260302,0,13,39,1,0,681,0,CHD,1,27,26,28
VAN,VWV,PHA,SHU,VAN,SHI,20260302,20260302,0,1,0,12,26,686,0,CHD,2,28,27,29
VIS,VWV,PHA,SHU,VIS,SHI,20260302,20260302,0,12,26,23,58,692,0,POU,1,29,28,30
BAV,VWV,PHA,SHU,BAV,SHI,20260302,20260303,0,23,58,11,37,699,0,POU,2,30,29,31
BAL,VWV,PHA,KRI,BAL,SHI,20260303,20260303,0,11,37,23,24,707,0,PRA,1,31,30,32
KOW,VWV,PHA,KRI,KOW,SHI,20260303,20260304,0,23,24,11,19,715,0,PRA,2,32,31,33
TAI,VWV,PHA,KRI,TAI,SHI,20260304,20260304,0,11,19,23,22,723,0,DWI,1,33,32,34
GAR,VWV,PHA,KRI,GAR,SHI,20260304,20260305,0,23,22,11,34,732,0,DWI,2,34,33,35
VAN,VWV,PHA,KRI,VAN,SHI,20260305,20260305,0,11,34,23,54,740,0,TRU,1,35,34,36
VIS,VWV,PHA,KRI,VIS,SHI,20260305,20260306,0,23,54,12,23,749,0,TRU,2,36,35,37
BAV,VWV,PHA,KRI,BAV,SHI,20260306,20260307,0,12,23,1,1,758,0,CHA,1,37,36,38
BAL,VWV,PHA,KRI,BAL,SHI,20260307,20260307,0,1,1,13,47,766,0,CHA,2,38,37,39
KOW,VWV,PHA,KRI,KOW,SHI,20260307,20260308,0,13,47,2,41,774,0,PAN,1,39,38,40
TAI,VWV,PHA,KRI,TAI,SHI,20260308,20260308,0,2,41,15,41,780,0,PAN,2,40,39,41
GAR,VWV,PHA,KRI,GAR,SHI,20260308,20260309,0,15,41,4,47,786,0,SHA,1,41,40,42
VAN,VWV,PHA,KRI,VAN,SHI,20260309,20260309,0,4,47,17,57,790,0,SHA,2,42,41,43
VIS,VWV,PHA,KRI,VIS,SHI,20260309,20260310,0,17,57,7,10,793,0,SAP,1,43,42,44
BAV,VWV,PHA,KRI,BAV,SHI,20260310,20260310,0,7,10,20,24,794,0,SAP,2,44,43,45
BAL,VWV,PHA,KRI,BAL,SHI,20260310,20260311,0,20,24,9,38,794,0,ASH,1,45,44,46
KOW,VWV,PHA,KRI,KOW,SHI,20260311,20260311,0,9,38,22,49,791,0,ASH,2,46,45,47
TAI,VWV,PHA,KRI,TAI,SHI,20260311,20260312,0,22,49,11,57,788,0,NAV,1,47,46,48
GAR,VWV,PHA,KRI,GAR,SHI,20260312,20260313,0,11,57,0,59,782,0,NAV,2,48,47,49
VAN,VWV,PHA,KRI,VAN,SHI,20260313,20260313,0,0,59,13,54,775,0,DAS,1,49,48,50
VIS,VWV,PHA,KRI,VIS,SHI,20260313,20260314,0,13,54,2,41,767,0,DAS,2,50,49,51
BAV,VWV,PHA,KRI,BAV,SHI,20260314,20260314,0,2,41,15,19,758,0,EKA,1,51,50,52
BAL,VWV,PHA,KRI,BAL,SHI,20260314,20260315,0,15,19,3,47,748,0,EKA,2,52,51,53
KOW,VWV,PHA,KRI,KOW,SHI,20260315,20260315,0,3,47,16,4,737,0,DWA,1,53,52,54
TAI,VWV,PHA,KRI,TAI,SHI,20260315,20260316,0,16,4,4,11,727,0,DWA,2,54,53,55
GAR,VWV,PHA,KRI,GAR,SHI,20260316,20260316,0,4,11,16,7,716,0,TRY,1,55,54,56
VAN,VWV,PHA,KRI,VAN,SHI,20260316,20260317,0,16,7,3,53,706,0,TRY,2,56,55,57
VIS,VWV,PHA,KRI,VIS,SHI,20260317,20260317,0,3,53,15,29,696,0,CHD,1,57,56,58
SHA,VWV,PHA,KRI,SHA,SHI,20260317,20260318,0,15,29,2,55,686,0,CHD,2,58,57,59
CHA,VWV,PHA,KRI,CHA,SHI,20260318,20260318,0,2,55,14,13,678,0,AMA,1,59,58,60
NAG,VWV,PHA,KRI,NAG,SHI,20260318,20260319,0,14,13,1,23,670,0,AMA,2,60,59,1
KIM,PAR,CHA,SHU,KIM,VAS,20260319,20260319,0,1,23,12,26,663,0,PRA,1,1,60,2
BAV,PAR,CHA,SHU,BAV,VAS,20260319,20260319,0,12,26,23,22,656,0,PRA,2,2,1,3
BAL,PAR,CHA,SHU,BAL,VAS,20260319,20260320,0,23,22,10,14,652,0,DWI,1,3,2,4
KOW,PAR,CHA,SHU,KOW,VAS,20260320,20260320,0,10,14,21,1,647,0,DWI,2,4,3,5
TAI,PAR,CHA,SHU,TAI,VAS,20260320,20260321,0,21,1,7,45,644,0,TRU,1,5,4,6
GAR,PAR,CHA,SHU,GAR,VAS,20260321,20260321,0,7,45,18,26,641,0,TRU,2,6,5,7
VAN,PAR,CHA,SHU,VAN,VAS,20260321,20260322,0,18,26,5,7,641,0,CHA,1,7,6,8
VIS,PAR,CHA,SHU,VIS,VAS,20260322,20260322,0,5,7,15,47,640,0,CHA,2,8,7,9
BAV,PAR,CHA,SHU,BAV,VAS,20260322,20260323,0,15,47,2,27,640,0,PAN,1,9,8,10
BAL,PAR,CHA,SHU,BAL,VAS,20260323,20260323,0,2,27,13,8,641,0,PAN,2,10,9,11
KOW,PAR,CHA,SHU,KOW,VAS,20260323,20260323,0,13,8,23,52,644,0,SHA,1,11,10,12
TAI,PAR,CHA,SHU,TAI,VAS,20260323,20260324,0,23,52,10,38,646,0,SHA,2,12,11,13
GAR,PAR,CHA,SHU,GAR,VAS,20260324,20260324,0,10,38,21,27,649,0,SAP,1,13,12,14
VAN,PAR,CHA,SHU,VAN,VAS,20260324,20260325,0,21,27,8,20,653,0,SAP,2,14,13,15
VIS,PAR,CHA,SHU,VIS,VAS,20260325,20260325,0,8,20,19,17,657,0,ASH,1,15,14,16
BAV,PAR,CHA,SHU,BAV,VAS,20260325,20260326,0,19,17,6,19,662,0,ASH,2,16,15,17
BAL,PAR,CHA,SHU,BAL,VAS,20260326,20260326,0,6,19,17,25,666,0,NAV,1,17,16,18
KOW,PAR,CHA,SHU,KOW,VAS,20260326,20260327,0,17,25,4,37,672,0,NAV,2,18,17,19
TAI,PAR,CHA,SHU,TAI,VAS,20260327,20260327,0,4,37,15,54,677,0,DAS,1,19,18,20
GAR,PAR,CHA,SHU,GAR,VAS,20260327,20260328,0,15,54,3,16,682,0,DAS,2,20,19,21
VAN,PAR,CHA,SHU,VAN,VAS,20260328,20260328,0,3,16,14,43,687,0,EKA,1,21,20,22
VIS,PAR,CHA,SHU,VIS,VAS,20260328,20260329,0,14,43,2,16,693,0,EKA,2,22,21,23
BAV,PAR,CHA,SHU,BAV,VAS,20260329,20260329,0,2,16,13,55,699,0,DWA,1,23,22,24
BAL,PAR,CHA,SHU,BAL,VAS,20260329,20260330,0,13,55,1,40,705,0,DWA,2,24,23,25
KOW,PAR,CHA,SHU,KOW,VAS,20260330,20260330,0,1,40,13,30,710,0,TRY,1,25,24,26
TAI,PAR,CHA,SHU,TAI,VAS,20260330,20260331,0,13,30,1,26,716,0,TRY,2,26,25,27
GAR,PAR,CHA,SHU,GAR,VAS,20260331,20260331,0,1,26,13,28,722,0,CHD,1,27,26,28
VAN,PAR,CHA,SHU,VAN,VAS,20260331,20260401,0,13,28,1,36,728,0,CHD,2,28,27,29
VIS,PAR,CHA,SHU,VIS,VAS,20260401,20260401,0,1,36,13,51,735,0,POU,1,29,28,30
BAV,PAR,CHA,SHU,BAV,VAS,20260401,20260402,0,13,51,2,12,741,0,POU,2,30,29,31
BAL,PAR,CHA,KRI,BAL,VAS,20260402,20260402,0,2,12,14,39,747,0,PRA,1,31,30,32
KOW,PAR,CHA,KRI,KOW,VAS,20260402,20260403,0,14,39,3,12,753,0,PRA,2,32,31,33
TAI,PAR,CHA,KRI,TAI,VAS,20260403,20260403,0,3,12,15,53,761,0,DWI,1,33,32,34
GAR,PAR,CHA,KRI,GAR,VAS,20260403,20260404,0,15,53,4,39,766,0,DWI,2,34,33,35
VAN,PAR,CHA,KRI,VAN,VAS,20260404,20260404,0,4,39,17,32,773,0,TRU,1,35,34,36
VIS,PAR,CHA,KRI,VIS,VAS,20260404,20260405,0,17,32,6,30,778,0,TRU,2,36,35,37
BAV,PAR,CHA,KRI,BAV,VAS,20260405,20260405,0,6,30,19,33,783,0,CHA,1,37,36,38
BAL,PAR,CHA,KRI,BAL,VAS,20260405,20260406,0,19,33,8,41,788,0,CHA,2,38,37,39
KOW,PAR,CHA,KRI,KOW,VAS,20260406,20260406,0,8,41,21,51,790,0,PAN,1,39,38,40
TAI,PAR,CHA,KRI,TAI,VAS,20260406,20260407,0,21,51,11,5,794,0,PAN,2,40,39,41
GAR,PAR,CHA,KRI,GAR,VAS,20260407,20260408,0,11,5,0,18,793,0,SHA,1,41,40,42
VAN,PAR,CHA,KRI,VAN,VAS,20260408,20260408,0,0,18,13,32,794,0,SHA,2,42,41,43
VIS,PAR,CHA,KRI,VIS,VAS,20260408,20260409,0,13,32,2,43,791,0,SAP,1,43,42,44
BAV,PAR,CHA,KRI,BAV,VAS,20260409,20260409,0,2,43,15,50,787,0,SAP,2,44,43,45
BAL,PAR,CHA,KRI,BAL,VAS,20260409,20260410,0,15,50,4,51,781,0,ASH,1,45,44,46
KOW,PAR,CHA,KRI,KOW,VAS,20260410,20260410,0,4,51,17,46,775,0,ASH,2,46,45,47
TAI,PAR,CHA,KRI,TAI,VAS,20260410,20260411,0,17,46,6,31,765,0,NAV,1,47,46,48
GAR,PAR,CHA,KRI,GAR,VAS,20260411,20260411,0,6,31,19,8,757,0,NAV,2,48,47,49
VAN,PAR,CHA,KRI,VAN,VAS,20260411,20260412,0,19,8,7,33,745,0,DAS,1,49,48,50
VIS,PAR,CHA,KRI,VIS,VAS,20260412,20260412,0,7,33,19,47,734,0,DAS,2,50,49,51
BAV,PAR,CHA,KRI,BAV,VAS,20260412,20260413,0,19,47,7,49,722,0,EKA,1,51,50,52
BAL,PAR,CHA,KRI,BAL,VAS,20260413,20260413,0,7,49,19,39,710,0,EKA,2,52,51,53
KOW,PAR,CHA,KRI,KOW,VAS,20260413,20260414,0,19,39,7,16,697,0,DWA,1,53,52,54
TAI,PAR,CHA,KRI,TAI,VAS,20260414,20260414,0,7,16,18,42,686,0,DWA,2,54,53,55
GAR,PAR,CHA,KRI,GAR,VAS,20260414,20260415,0,18,42,5,57,675,0,TRY,1,55,54,56
VAN,PAR,CHA,KRI,VAN,VAS,20260415,20260415,0,5,57,17,1,664,0,TRY,2,56,55,57
VIS,PAR,CHA,KRI,VIS,VAS,20260415,20260416,0,17,1,3,56,655,0,CHD,1,57,56,58
SHA,PAR,CHA,KRI,SHA,VAS,20260416,20260416,0,3,56,14,41,645,0,CHD,2,58,57,59
CHA,PAR,CHA,KRI,CHA,VAS,20260416,20260417,0,14,41,1,20,639,0,AMA,1,59,58,60
NAG,PAR,CHA,KRI,NAG,VAS,20260417,20260417,0,1,20,11,51,631,0,AMA,2,60,59,1
KIM,PAR,VAI,SHU,KIM,VAS,20260417,20260417,0,11,51,22,18,627,0,PRA,1,1,60,2
BAV,PAR,VAI,SHU,BAV,VAS,20260417,20260418,0,22,18,8,41,623,0,PRA,2,2,1,3
BAL,PAR,VAI,SHU,BAL,VAS,20260418,20260418,0,8,41,19,1,620,0,DWI,1,3,2,4
KOW,PAR,VAI,SHU,KOW,VAS,20260418,20260419,0,19,1,5,19,618,0,DWI,2,4,3,5
TAI,PAR,VAI,SHU,TAI,VAS,20260419,20260419,0,5,19,15,38,619,0,TRU,1,5,4,6
GAR,PAR,VAI,SHU,GAR,VAS,20260419,20260420,0,15,38,1,58,620,0,TRU,2,6,5,7
VAN,PAR,VAI,SHU,VAN,VAS,20260420,20260420,0,1,58,12,19,621,0,CHA,1,7,6,8
VIS,PAR,VAI,SHU,VIS,VAS,20260420,20260420,0,12,19,22,45,626,0,CHA,2,8,7,9
BAV,PAR,VAI,SHU,BAV,VAS,20260420,20260421,0,22,45,9,15,630,0,PAN,1,9,8,10
BAL,PAR,VAI,SHU,BAL,VAS,20260421,20260421,0,9,15,19,50,635,0,PAN,2,10,9,11
KOW,PAR,VAI,SHU,KOW,VAS,20260421,20260422,0,19,50,6,31,641,0,SHA,1,11,10,12
TAI,PAR,VAI,SHU,TAI,VAS,20260422,20260422,0,6,31,17,20,649,0,SHA,2,12,11,13
GAR,PAR,VAI,SHU,GAR,VAS,20260422,20260423,0,17,20,4,15,655,0,SAP,1,13,12,14
VAN,PAR,VAI,SHU,VAN,VAS,20260423,20260423,0,4,15,15,19,664,0,SAP,2,14,13,15
VIS,PAR,VAI,SHU,VIS,VAS,20260423,20260424,0,15,19,2,31,672,0,ASH,1,15,14,16
BAV,PAR,VAI,SHU,BAV,VAS,20260424,20260424,0,2,31,13,52,681,0,ASH,2,16,15,17
BAL,PAR,VAI,SHU,BAL,VAS,20260424,20260425,0,13,52,1,21,689,0,NAV,1,17,16,18
KOW,PAR,VAI,SHU,KOW,VAS,20260425,20260425,0,1,21,12,58,697,0,NAV,2,18,17,19
TAI,PAR,VAI,SHU,TAI,VAS,20260425,20260426,0,12,58,0,44,706,0,DAS,1,19,18,20
GAR,PAR,VAI,SHU,GAR,VAS,20260426,20260426,0,0,44,12,37,713,0,DAS,2,20,19,21
VAN,PAR,VAI,SHU,VAN,VAS,20260426,20260427,0,12,37,0,38,721,0,EKA,1,21,20,22
VIS,PAR,VAI,SHU,VIS,VAS,20260427,20260427,0,0,38,12,46,728,0,EKA,2,22,21,23
BAV,PAR,VAI,SHU,BAV,VAS,20260427,20260428,0,12,46,1,1,735,0,DWA,1,23,22,24
BAL,PAR,VAI,SHU,BAL,VAS,20260428,20260428,0,1,1,13,22,741,0,DWA,2,24,23,25
KOW,PAR,VAI,SHU,KOW,VAS,20260428,20260429,0,13,22,1,49,747,0,TRY,1,25,24,26
TAI,PAR,VAI,SHU,TAI,VAS,20260429,20260429,0,1,49,14,22,753,0,TRY,2,26,25,27
GAR,PAR,VAI,SHU,GAR,VAS,20260429,20260430,0,14,22,3,0,758,0,CHD,1,27,26,28
VAN,PAR,VAI,SHU,VAN,VAS,20260430,20260430,0,3,0,15,43,763,0,CHD,2,28,27,29
VIS,PAR,VAI,SHU,VIS,VAS,20260430,20260501,0,15,43,4,30,767,0,POU,1,29,28,30
BAV,PAR,VAI,SHU,BAV,VAS,20260501,20260501,0,4,30,17,23,773,0,POU,2,30,29,31
BAL,PAR,VAI,KRI,BAL,VAS,20260501,20260502,0,17,23,6,19,776,0,PRA,1,31,30,32
KOW,PAR,VAI,KRI,KOW,VAS,20260502,20260502,0,6,19,19,20,781,0,PRA,2,32,31,33
TAI,PAR,VAI,KRI,TAI,VAS,20260502,20260503,0,19,20,8,24,784,0,DWI,1,33,32,34
GAR,PAR,VAI,KRI,GAR,VAS,20260503,20260503,0,8,24,21,32,788,0,DWI,2,34,33,35
VAN,PAR,VAI,KRI,VAN,VAS,20260503,20260504,0,21,32,10,42,790,0,TRU,1,35,34,36
VIS,PAR,VAI,KRI,VIS,VAS,20260504,20260504,0,10,42,23,54,792,0,TRU,2,36,35,37
BAV,PAR,VAI,KRI,BAV,VAS,20260504,20260505,0,23,54,13,8,794,0,CHA,1,37,36,38
BAL,PAR,VAI,KRI,BAL,VAS,20260505,20260506,0,13,8,2,21,793,0,CHA,2,38,37,39
KOW,PAR,VAI,KRI,KOW,VAS,20260506,20260506,0,2,21,15,34,793,0,PAN,1,39,38,40
TAI,PAR,VAI,KRI,TAI,VAS,20260506,20260507,0,15,34,4,44,790,0,PAN,2,40,39,41
GAR,PAR,VAI,KRI,GAR,VAS,20260507,20260507,0,4,44,17,50,786,0,SHA,1,41,40,42
VAN,PAR,VAI,KRI,VAN,VAS,20260507,20260508,0,17,50,6,52,782,0,SHA,2,42,41,43
VIS,PAR,VAI,KRI,VIS,VAS,20260508,20260508,0,6,52,19,46,774,0,SAP,1,43,42,44
BAV,PAR,VAI,KRI,BAV,VAS,20260508,20260509,0,19,46,8,33,767,0,SAP,2,44,43,45
BAL,PAR,VAI,KRI,BAL,VAS,20260509,20260509,0,8,33,21,10,757,0,ASH,1,45,44,46
KOW,PAR,VAI,KRI,KOW,VAS,20260509,20260510,0,21,10,9,37,747,0,ASH,2,46,45,47
TAI,PAR,VAI,KRI,TAI,VAS,20260510,20260510,0,9,37,21,52,735,0,NAV,1,47,46,48
GAR,PAR,VAI,KRI,GAR,VAS,20260510,20260511,0,21,52,9,55,723,0,NAV,2,48,47,49
VAN,PAR,VAI,KRI,VAN,VAS,20260511,20260511,0,9,55,21,45,710,0,DAS,1,49,48,50
VIS,PAR,VAI,KRI,VIS,VAS,20260511,20260512,0,21,45,9,22,697,0,DAS,2,50,49,51
BAV,PAR,VAI,KRI,BAV,VAS,20260512,20260512,0,9,22,20,47,685,0,EKA,1,51,50,52
BAL,PAR,VAI,KRI,BAL,VAS,20260512,20260513,0,20,47,8,0,673,0,EKA,2,52,51,53
KOW,PAR,VAI,KRI,KOW,VAS,20260513,20260513,0,8,0,19,1,661,0,DWA,1,53,52,54
TAI,PAR,VAI,KRI,TAI,VAS,20260513,20260514,0,19,1,5,51,650,0,DWA,2,54,53,55
GAR,PAR,VAI,KRI,GAR,VAS,20260514,20260514,0,5,51,16,30,639,0,TRY,1,55,54,56
VAN,PAR,VAI,KRI,VAN,VAS,20260514,20260515,0,16,30,3,1,631,0,TRY,2,56,55,57
VIS,PAR,VAI,KRI,VIS,VAS,20260515,20260515,0,3,1,13,24,623,0,CHD,1,57,56,58
SHA,PAR,VAI,KRI,SHA,VAS,20260515,20260515,0,13,24,23,41,617,0,CHD,2,58,57,59
CHA,PAR,VAI,KRI,CHA,VAS,20260515,20260516,0,23,41,9,53,612,0,AMA,1,59,58,60
NAG,PAR,VAI,KRI,NAG,VAS,20260516,20260516,0,9,53,20,1,608,0,AMA,2,60,59,1
KIM,PAR,JY1,SHU,KIM,GRE,20260516,20260517,0,20,1,6,6,605,0,PRA,1,1,60,2
BAV,PAR,JY1,SHU,BAV,GRE,20260517,20260517,0,6,6,16,11,605,0,PRA,2,2,1,3
BAL,PAR,JY1,SHU,BAL,GRE,20260517,20260518,0,16,11,2,16,605,0,DWI,1,3,2,4
KOW,PAR,JY1,SHU,KOW,GRE,20260518,20260518,0,2,16,12,23,607,0,DWI,2,4,3,5
TAI,PAR,JY1,SHU,TAI,GRE,20260518,20260518,0,12,23,22,33,610,0,TRU,1,5,4,6
GAR,PAR,JY1,SHU,GAR,GRE,20260518,20260519,0,22,33,8,48,615,0,TRU,2,6,5,7
VAN,PAR,JY1,SHU,VAN,GRE,20260519,20260519,0,8,48,19,9,621,0,CHA,1,7,6,8
VIS,PAR,JY1,SHU,VIS,GRE,20260519,20260520,0,19,9,5,37,628,0,CHA,2,8,7,9
BAV,PAR,JY1,SHU,BAV,GRE,20260520,20260520,0,5,37,16,12,635,0,PAN,1,9,8,10
BAL,PAR,JY1,SHU,BAL,GRE,20260520,20260521,0,16,12,2,57,645,0,PAN,2,10,9,11
KOW,PAR,JY1,SHU,KOW,GRE,20260521,20260521,0,2,57,13,51,654,0,SHA,1,11,10,12
TAI,PAR,JY1,SHU,TAI,GRE,20260521,20260522,0,13,51,0,55,664,0,SHA,2,12,11,13
GAR,PAR,JY1,SHU,GAR,GRE,20260522,20260522,0,0,55,12,9,674,0,SAP,1,13,12,14
VAN,PAR,JY1,SHU,VAN,GRE,20260522,20260522,0,12,9,23,34,685,0,SAP,2,14,13,15
VIS,PAR,JY1,SHU,VIS,GRE,20260522,20260523,0,23,34,11,10,696,0,ASH,1,15,14,16
BAV,PAR,JY1,SHU,BAV,GRE,20260523,20260523,0,11,10,22,57,707,0,ASH,2,16,15,17
BAL,PAR,JY1,SHU,BAL,GRE,20260523,20260524,0,22,57,10,54,717,0,NAV,1,17,16,18
KOW,PAR,JY1,SHU,KOW,GRE,20260524,20260524,0,10,54,23,1,727,0,NAV,2,18,17,19
TAI,PAR,JY1,SHU,TAI,GRE,20260524,20260525,0,23,1,11,17,736,0,DAS,1,19,18,20
GAR,PAR,JY1,SHU,GAR,GRE,20260525,20260525,0,11,17,23,41,744,0,DAS,2,20,19,21
VAN,PAR,JY1,SHU,VAN,GRE,20260525,20260526,0,23,41,12,13,752,0,EKA,1,21,20,22
VIS,PAR,JY1,SHU,VIS,GRE,20260526,20260527,0,12,13,0,52,759,0,EKA,2,22,21,23
BAV,PAR,JY1,SHU,BAV,GRE,20260527,20260527,0,0,52,13,37,765,0,DWA,1,23,22,24
BAL,PAR,JY1,SHU,BAL,GRE,20260527,20260528,0,13,37,2,27,770,0,DWA,2,24,23,25
KOW,PAR,JY1,SHU,KOW,GRE,20260528,20260528,0,2,27,15,22,775,0,TRY,1,25,24,26
TAI,PAR,JY1,SHU,TAI,GRE,20260528,20260529,0,15,22,4,21,779,0,TRY,2,26,25,27
GAR,PAR,JY1,SHU,GAR,GRE,20260529,20260529,0,4,21,17,23,782,0,CHD,1,27,26,28
VAN,PAR,JY1,SHU,VAN,GRE,20260529,20260530,0,17,23,6,28,785,0,CHD,2,28,27,29
VIS,PAR,JY1,SHU,VIS,GRE,20260530,20260530,0,6,28,19,35,787,0,POU,1,29,28,30
BAV,PAR,JY1,SHU,BAV,GRE,20260530,20260531,0,19,35,8,45,790,0,POU,2,30,29,31
BAL,PAR,JY1,KRI,BAL,GRE,20260531,20260531,0,8,45,21,55,790,0,PRA,1,31,30,32
KOW,PAR,JY1,KRI,KOW,GRE,20260531,20260601,0,21,55,11,7,792,0,PRA,2,32,31,33
TAI,PAR,JY1,KRI,TAI,GRE,20260601,20260602,0,11,7,0,19,792,0,DWI,1,33,32,34
GAR,PAR,JY1,KRI,GAR,GRE,20260602,20260602,0,0,19,13,31,792,0,DWI,2,34,33,35
VAN,PAR,JY1,KRI,VAN,GRE,20260602,20260603,0,13,31,2,42,791,0,TRU,1,35,34,36
VIS,PAR,JY1,KRI,VIS,GRE,20260603,20260603,0,2,42,15,51,789,0,TRU,2,36,35,37
BAV,PAR,JY1,KRI,BAV,GRE,20260603,20260604,0,15,51,4,58,787,0,CHA,1,37,36,38
BAL,PAR,JY1,KRI,BAL,GRE,20260604,20260604,0,4,58,18,0,782,0,CHA,2,38,37,39
KOW,PAR,JY1,KRI,KOW,GRE,20260604,20260605,0,18,0,6,58,778,0,PAN,1,39,38,40
TAI,PAR,JY1,KRI,TAI,GRE,20260605,20260605,0,6,58,19,50,772,0,PAN,2,40,39,41
GAR,PAR,JY1,KRI,GAR,GRE,20260605,20260606,0,19,50,8,35,765,0,SHA,1,41,40,42
VAN,PAR,JY1,KRI,VAN,GRE,20260606,20260606,0,8,35,21,11,756,0,SHA,2,42,41,43
VIS,PAR,JY1,KRI,VIS,GRE,20260606,20260607,0,21,11,9,38,747,0,SAP,1,43,42,44
BAV,PAR,JY1,KRI,BAV,GRE,20260607,20260607,0,9,38,21,55,737,0,SAP,2,44,43,45
BAL,PAR,JY1,KRI,BAL,GRE,20260607,20260608,0,21,55,10,0,725,0,ASH,1,45,44,46
KOW,PAR,JY1,KRI,KOW,GRE,20260608,20260608,0,10,0,21,54,714,0,ASH,2,46,45,47
TAI,PAR,JY1,KRI,TAI,GRE,20260608,20260609,0,21,54,9,35,701,0,NAV,1,47,46,48
GAR,PAR,JY1,KRI,GAR,GRE,20260609,20260609,0,9,35,21,5,690,0,NAV,2,48,47,49
VAN,PAR,JY1,KRI,VAN,GRE,20260609,20260610,0,21,5,8,22,677,0,DAS,1,49,48,50
VIS,PAR,JY1,KRI,VIS,GRE,20260610,20260610,0,8,22,19,28,666,0,DAS,2,50,49,51
BAV,PAR,JY1,KRI,BAV,GRE,20260610,20260611,0,19,28,6,22,654,0,EKA,1,51,50,52
BAL,PAR,JY1,KRI,BAL,GRE,20260611,20260611,0,6,22,17,6,644,0,EKA,2,52,51,53
KOW,PAR,JY1,KRI,KOW,GRE,20260611,20260612,0,17,6,3,41,635,0,DWA,1,53,52,54
TAI,PAR,JY1,KRI,TAI,GRE,20260612,20260612,0,3,41,14,7,626,0,DWA,2,54,53,55
GAR,PAR,JY1,KRI,GAR,GRE,20260612,20260613,0,14,7,0,25,618,0,TRY,1,55,54,56
VAN,PAR,JY1,KRI,VAN,GRE,20260613,20260613,0,0,25,10,38,613,0,TRY,2,56,55,57
VIS,PAR,JY1,KRI,VIS,GRE,20260613,20260613,0,10,38,20,45,607,0,CHD,1,57,56,58
SHA,PAR,JY1,KRI,SHA,GRE,20260613,20260614,0,20,45,6,50,605,0,CHD,2,58,57,59
CHA,PAR,JY1,KRI,CHA,GRE,20260614,20260614,0,6,50,16,52,602,0,AMA,1,59,58,60
NAG,PAR,JY1,KRI,NAG,GRE,20260614,20260615,0,16,52,2,54,602,0,AMA,2,60,59,1
KIM,PAR,JYE,SHU,KIM,GRE,20260615,20260615,0,2,54,12,56,602,0,PRA,1,1,60,2
BAV,PAR,JYE,SHU,BAV,GRE,20260615,20260615,0,12,56,23,1,605,0,PRA,2,2,1,3
BAL,PAR,JYE,SHU,BAL,GRE,20260615,20260616,0,23,1,9,9,608,0,DWI,1,3,2,4
KOW,PAR,JYE,SHU,KOW,GRE,20260616,20260616,0,9,9,19,22,613,0,DWI,2,4,3,5
TAI,PAR,JYE,SHU,TAI,GRE,20260616,20260617,0,19,22,5,42,620,0,TRU,1,5,4,6
GAR,PAR,JYE,SHU,GAR,GRE,20260617,20260617,0,5,42,16,9,627,0,TRU,2,6,5,7
VAN,PAR,JYE,SHU,VAN,GRE,20260617,20260618,0,16,9,2,44,635,0,CHA,1,7,6,8
VIS,PAR,JYE,SHU,VIS,GRE,20260618,20260618,0,2,44,13,29,645,0,CHA,2,8,7,9
BAV,PAR,JYE,SHU,BAV,GRE,20260618,20260619,0,13,29,0,24,655,0,PAN,1,9,8,10
BAL,PAR,JYE,SHU,BAL,GRE,20260619,20260619,0,0,24,11,30,666,0,PAN,2,10,9,11
KOW,PAR,JYE,SHU,KOW,GRE,20260619,20260619,0,11,30,22,47,677,0,SHA,1,11,10,12
TAI,PAR,JYE,SHU,TAI,GRE,20260619,20260620,0,22,47,10,17,690,0,SHA,2,12,11,13
GAR,PAR,JYE,SHU,GAR,GRE,20260620,20260620,0,10,17,21,58,701,0,SAP,1,13,12,14
VAN,PAR,JYE,SHU,VAN,GRE,20260620,20260621,0,21,58,9,51,713,0,SAP,2,14,13,15
VIS,PAR,JYE,SHU,VIS,GRE,20260621,20260621,0,9,51,21,55,724,0,ASH,1,15,14,16
BAV,PAR,JYE,SHU,BAV,GRE,20260621,20260622,0,21,55,10,10,735,0,ASH,2,16,15,17
BAL,PAR,JYE,SHU,BAL,GRE,20260622,20260622,0,10,10,22,35,745,0,NAV,1,17,16,18
KOW,PAR,JYE,SHU,KOW,GRE,20260622,20260623,0,22,35,11,10,755,0,NAV,2,18,17,19
TAI,PAR,JYE,SHU,TAI,GRE,20260623,20260623,0,11,10,23,52,762,0,DAS,1,19,18,20
GAR,PAR,JYE,SHU,GAR,GRE,20260623,20260624,0,23,52,12,42,770,0,DAS,2,20,19,21
VAN,PAR,JYE,SHU,VAN,GRE,20260624,20260625,0,12,42,1,38,776,0,EKA,1,21,20,22
VIS,PAR,JYE,SHU,VIS,GRE,20260625,20260625,0,1,38,14,39,781,0,EKA,2,22,21,23
BAV,PAR,JYE,SHU,BAV,GRE,20260625,20260626,0,14,39,3,44,785,0,DWA,1,23,22,24
BAL,PAR,JYE,SHU,BAL,GRE,20260626,20260626,0,3,44,16,52,788,0,DWA,2,24,23,25
KOW,PAR,JYE,SHU,KOW,GRE,20260626,20260627,0,16,52,6,2,790,0,TRY,1,25,24,26
TAI,PAR,JYE,SHU,TAI,GRE,20260627,20260627,0,6,2,19,13,791,0,TRY,2,26,25,27
GAR,PAR,JYE,SHU,GAR,GRE,20260627,20260628,0,19,13,8,25,792,0,CHD,1,27,26,28
VAN,PAR,JYE,SHU,VAN,GRE,20260628,20260628,0,8,25,21,36,791,0,CHD,2,28,27,29
VIS,PAR,JYE,SHU,VIS,GRE,20260628,20260629,0,21,36,10,47,791,0,POU,1,29,28,30
BAV,PAR,JYE,SHU,BAV,GRE,20260629,20260629,0,10,47,23,56,789,0,POU,2,30,29,31
BAL,PAR,JYE,KRI,BAL,GRE,20260629,20260630,0,23,56,13,3,787,0,PRA,1,31,30,32
KOW,PAR,JYE,KRI,KOW,GRE,20260630,20260701,0,13,3,2,8,785,0,PRA,2,32,31,33
TAI,PAR,JYE,KRI,TAI,GRE,20260701,20260701,0,2,8,15,10,782,0,DWI,1,33,32,34
GAR,PAR,JYE,KRI,GAR,GRE,20260701,20260702,0,15,10,4,8,778,0,DWI,2,34,33,35
VAN,PAR,JYE,KRI,VAN,GRE,20260702,20260702,0,4,8,17,2,774,0,TRU,1,35,34,36
VIS,PAR,JYE,KRI,VIS,GRE,20260702,20260703,0,17,2,5,50,768,0,TRU,2,36,35,37
BAV,PAR,JYE,KRI,BAV,GRE,20260703,20260703,0,5,50,18,33,763,0,CHA,1,37,36,38
BAL,PAR,JYE,KRI,BAL,GRE,20260703,20260704,0,18,33,7,10,757,0,CHA,2,38,37,39
KOW,PAR,JYE,KRI,KOW,GRE,20260704,20260704,0,7,10,19,39,749,0,PAN,1,39,38,40
TAI,PAR,JYE,KRI,TAI,GRE,20260704,20260705,0,19,39,8,1,742,0,PAN,2,40,39,41
GAR,PAR,JYE,KRI,GAR,GRE,20260705,20260705,0,8,1,20,14,733,0,SHA,1,41,40,42
VAN,PAR,JYE,KRI,VAN,GRE,20260705,20260706,0,20,14,8,17,723,0,SHA,2,42,41,43
VIS,PAR,JYE,KRI,VIS,GRE,20260706,20260706,0,8,17,20,11,714,0,SAP,1,43,42,44
BAV,PAR,JYE,KRI,BAV,GRE,20260706,20260707,0,20,11,7,55,704,0,SAP,2,44,43,45
BAL,PAR,JYE,KRI,BAL,GRE,20260707,20260707,0,7,55,19,29,694,0,ASH,1,45,44,46
KOW,PAR,JYE,KRI,KOW,GRE,20260707,20260708,0,19,29,6,52,683,0,ASH,2,46,45,47
TAI,PAR,JYE,KRI,TAI,GRE,20260708,20260708,0,6,52,18,5,673,0,NAV,1,47,46,48
GAR,PAR,JYE,KRI,GAR,GRE,20260708,20260709,0,18,5,5,8,663,0,NAV,2,48,47,49
VAN,PAR,JYE,KRI,VAN,GRE,20260709,20260709,0,5,8,16,2,654,0,DAS,1,49,48,50
VIS,PAR,JYE,KRI,VIS,GRE,20260709,20260710,0,16,2,2,46,644,0,DAS,2,50,49,51
BAV,PAR,JYE,KRI,BAV,GRE,20260710,20260710,0,2,46,13,23,637,0,EKA,1,51,50,52
BAL,PAR,JYE,KRI,BAL,GRE,20260710,20260710,0,13,23,23,53,630,0,EKA,2,52,51,53
KOW,PAR,JYE,KRI,KOW,GRE,20260710,20260711,0,23,53,10,16,623,0,DWA,1,53,52,54
TAI,PAR,JYE,KRI,TAI,GRE,20260711,20260711,0,10,16,20,34,618,0,DWA,2,54,53,55
GAR,PAR,JYE,KRI,GAR,GRE,20260711,20260712,0,20,34,6,48,614,0,TRY,1,55,54,56
VAN,PAR,JYE,KRI,VAN,GRE,20260712,20260712,0,6,48,17,0,612,0,TRY,2,56,55,57
VIS,PAR,JYE,KRI,VIS,GRE,20260712,20260713,0,17,0,3,10,610,0,CHD,1,57,56,58
SHA,PAR,JYE,KRI,SHA,GRE,20260713,20260713,0,3,10,13,19,609,0,CHD,2,58,57,59
CHA,PAR,JYE,KRI,CHA,GRE,20260713,20260713,0,13,19,23,30,611,0,AMA,1,59,58,60
NAG,PAR,JYE,KRI,NAG,GRE,20260713,20260714,0,23,30,9,43,613,0,AMA,2,60,59,1
KIM,PAR,AAS,SHU,KIM,GRE,20260714,20260714,0,9,43,20,0,617,0,PRA,1,1,60,2
BAV,PAR,AAS,SHU,BAV,GRE,20260714,20260715,0,20,0,6,21,621,0,PRA,2,2,1,3
BAL,PAR,AAS,SHU,BAL,GRE,20260715,20260715,0,6,21,16,48,627,0,DWI,1,3,2,4
KOW,PAR,AAS,SHU,KOW,GRE,20260715,20260716,0,16,48,3,23,635,0,DWI,2,4,3,5
TAI,PAR,AAS,SHU,TAI,GRE,20260716,20260716,0,3,23,14,6,643,0,TRU,1,5,4,6
GAR,PAR,AAS,SHU,GAR,GRE,20260716,20260717,0,14,6,0,58,652,0,TRU,2,6,5,7
VAN,PAR,AAS,SHU,VAN,GRE,20260717,20260717,0,0,58,12,0,662,0,CHA,1,7,6,8
VIS,PAR,AAS,SHU,VIS,GRE,20260717,20260717,0,12,0,23,13,673,0,CHA,2,8,7,9
BAV,PAR,AAS,SHU,BAV,GRE,20260717,20260718,0,23,13,10,37,684,0,PAN,1,9,8,10
BAL,PAR,AAS,SHU,BAL,GRE,20260718,20260718,0,10,37,22,13,696,0,PAN,2,10,9,11
KOW,PAR,AAS,SHU,KOW,GRE,20260718,20260719,0,22,13,10,0,707,0,SHA,1,11,10,12
TAI,PAR,AAS,SHU,TAI,GRE,20260719,20260719,0,10,0,22,0,720,0,SHA,2,12,11,13
GAR,PAR,AAS,SHU,GAR,GRE,20260719,20260720,0,22,0,10,11,731,0,SAP,1,13,12,14
VAN,PAR,AAS,SHU,VAN,GRE,20260720,20260720,0,10,11,22,33,742,0,SAP,2,14,13,15
VIS,PAR,AAS,SHU,VIS,GRE,20260720,20260721,0,22,33,11,5,752,0,ASH,1,15,14,16
BAV,PAR,AAS,SHU,BAV,GRE,20260721,20260721,0,11,5,23,47,762,0,ASH,2,16,15,17
BAL,PAR,AAS,SHU,BAL,GRE,20260721,20260722,0,23,47,12,36,769,0,NAV,1,17,16,18
KOW,PAR,AAS,SHU,KOW,GRE,20260722,20260723,0,12,36,1,33,777,0,NAV,2,18,17,19
TAI,PAR,AAS,SHU,TAI,GRE,20260723,20260723,0,1,33,14,36,783,0,DAS,1,19,18,20
GAR,PAR,AAS,SHU,GAR,GRE,20260723,20260724,0,14,36,3,43,787,0,DAS,2,20,19,21
VAN,PAR,AAS,SHU,VAN,GRE,20260724,20260724,0,3,43,16,53,790,0,EKA,1,21,20,22
VIS,PAR,AAS,SHU,VIS,GRE,20260724,20260725,0,16,53,6,4,791,0,EKA,2,22,21,23
BAV,PAR,AAS,SHU,BAV,GRE,20260725,20260725,0,6,4,19,16,792,0,DWA,1,23,22,24
BAL,PAR,AAS,SHU,BAL,GRE,20260725,20260726,0,19,16,8,28,792,0,DWA,2,24,23,25
KOW,PAR,AAS,SHU,KOW,GRE,20260726,20260726,0,8,28,21,38,790,0,TRY,1,25,24,26
TAI,PAR,AAS,SHU,TAI,GRE,20260726,20260727,0,21,38,10,45,787,0,TRY,2,26,25,27
GAR,PAR,AAS,SHU,GAR,GRE,20260727,20260727,0,10,45,23,49,784,0,CHD,1,27,26,28
VAN,PAR,AAS,SHU,VAN,GRE,20260727,20260728,0,23,49,12,49,780,0,CHD,2,28,27,29
VIS,PAR,AAS,SHU,VIS,GRE,20260728,20260729,0,12,49,1,45,776,0,POU,1,29,28,30
BAV,PAR,AAS,SHU,BAV,GRE,20260729,20260729,0,1,45,14,35,770,0,POU,2,30,29,31
BAL,PAR,AAS,KRI,BAL,GRE,20260729,20260730,0,14,35,3,21,766,0,PRA,1,31,30,32
KOW,PAR,AAS,KRI,KOW,GRE,20260730,20260730,0,3,21,16,0,759,0,PRA,2,32,31,33
TAI,PAR,AAS,KRI,TAI,GRE,20260730,20260731,0,16,0,4,34,754,0,DWI,1,33,32,34
GAR,PAR,AAS,KRI,GAR,GRE,20260731,20260731,0,4,34,17,2,748,0,DWI,2,34,33,35
VAN,PAR,AAS,KRI,VAN,GRE,20260731,20260801,0,17,2,5,23,741,0,TRU,1,35,34,36
VIS,PAR,AAS,KRI,VIS,GRE,20260801,20260801,0,5,23,17,37,734,0,TRU,2,36,35,37
BAV,PAR,AAS,KRI,BAV,GRE,20260801,20260802,0,17,37,5,45,728,0,CHA,1,37,36,38
BAL,PAR,AAS,KRI,BAL,GRE,20260802,20260802,0,5,45,17,45,720,0,CHA,2,38,37,39
KOW,PAR,AAS,KRI,KOW,GRE,20260802,20260803,0,17,45,5,38,713,0,PAN,1,39,38,40
TAI,PAR,AAS,KRI,TAI,GRE,20260803,20260803,0,5,38,17,24,706,0,PAN,2,40,39,41
GAR,PAR,AAS,KRI,GAR,GRE,20260803,20260804,0,17,24,5,3,699,0,SHA,1,41,40,42
VAN,PAR,AAS,KRI,VAN,GRE,20260804,20260804,0,5,3,16,33,690,0,SHA,2,42,41,43
VIS,PAR,AAS,KRI,VIS,GRE,20260804,20260805,0,16,33,3,56,683,0,SAP,1,43,42,44
BAV,PAR,AAS,KRI,BAV,GRE,20260805,20260805,0,3,56,15,12,676,0,SAP,2,44,43,45
BAL,PAR,AAS,KRI,BAL,GRE,20260805,20260806,0,15,12,2,21,669,0,ASH,1,45,44,46
KOW,PAR,AAS,KRI,KOW,GRE,20260806,20260806,0,2,21,13,23,662,0,ASH,2,46,45,47
TAI,PAR,AAS,KRI,TAI,GRE,20260806,20260807,0,13,23,0,18,655,0,NAV,1,47,46,48
GAR,PAR,AAS,KRI,GAR,GRE,20260807,20260807,0,0,18,11,7,649,0,NAV,2,48,47,49
VAN,PAR,AAS,KRI,VAN,GRE,20260807,20260807,0,11,7,21,51,644,0,DAS,1,49,48,50
VIS,PAR,AAS,KRI,VIS,GRE,20260807,20260808,0,21,51,8,29,638,0,DAS,2,50,49,51
BAV,PAR,AAS,KRI,BAV,GRE,20260808,20260808,0,8,29,19,4,635,0,EKA,1,51,50,52
BAL,PAR,AAS,KRI,BAL,GRE,20260808,20260809,0,19,4,5,35,631,0,EKA,2,52,51,53
KOW,PAR,AAS,KRI,KOW,GRE,20260809,20260809,0,5,35,16,4,629,0,DWA,1,53,52,54
TAI,PAR,AAS,KRI,TAI,GRE,20260809,20260810,0,16,4,2,31,627,0,DWA,2,54,53,55
GAR,PAR,AAS,KRI,GAR,GRE,20260810,20260810,0,2,31,12,57,626,0,TRY,1,55,54,56
VAN,PAR,AAS,KRI,VAN,GRE,20260810,20260810,0,12,57,23,24,627,0,TRY,2,56,55,57
VIS,PAR,AAS,KRI,VIS,GRE,20260810,20260811,0,23,24,9,52,628,0,CHD,1,57,56,58
SHA,PAR,AAS,KRI,SHA,GRE,20260811,20260811,0,9,52,20,23,631,0,CHD,2,58,57,59
CHA,PAR,AAS,KRI,CHA,GRE,20260811,20260812,0,20,23,6,57,634,0,AMA,1,59,58,60
NAG,PAR,AAS,KRI,NAG,GRE,20260812,20260812,0,6,57,17,36,639,0,AMA,2,60,59,1
KIM,PAR,SHR,SHU,KIM,VAR,20260812,20260813,0,17,36,4,21,645,0,PRA,1,1,60,2
BAV,PAR,SHR,SHU,BAV,VAR,20260813,20260813,0,4,21,15,12,651,0,PRA,2,2,1,3
BAL,PAR,SHR,SHU,BAL,VAR,20260813,20260814,0,15,12,2,10,658,0,DWI,1,3,2,4
KOW,PAR,SHR,SHU,KOW,VAR,20260814,20260814,0,2,10,13,17,667,0,DWI,2,4,3,5
TAI,PAR,SHR,SHU,TAI,VAR,20260814,20260815,0,13,17,0,33,676,0,TRU,1,5,4,6
GAR,PAR,SHR,SHU,GAR,VAR,20260815,20260815,0,0,33,11,59,686,0,TRU,2,6,5,7
VAN,PAR,SHR,SHU,VAN,VAR,20260815,20260815,0,11,59,23,35,696,0,CHA,1,7,6,8
VIS,PAR,SHR,SHU,VIS,VAR,20260815,20260816,0,23,35,11,23,708,0,CHA,2,8,7,9
BAV,PAR,SHR,SHU,BAV,VAR,20260816,20260816,0,11,23,23,21,718,0,PAN,1,9,8,10
BAL,PAR,SHR,SHU,BAL,VAR,20260816,20260817,0,23,21,11,30,729,0,PAN,2,10,9,11
KOW,PAR,SHR,SHU,KOW,VAR,20260817,20260817,0,11,30,23,50,740,0,SHA,1,11,10,12
TAI,PAR,SHR,SHU,TAI,VAR,20260817,20260818,0,23,50,12,21,751,0,SHA,2,12,11,13
GAR,PAR,SHR,SHU,GAR,VAR,20260818,20260819,0,12,21,1,1,760,0,SAP,1,13,12,14
VAN,PAR,SHR,SHU,VAN,VAR,20260819,20260819,0,1,1,13,50,769,0,SAP,2,14,13,15
VIS,PAR,SHR,SHU,VIS,VAR,20260819,20260820,0,13,50,2,46,776,0,ASH,1,15,14,16
BAV,PAR,SHR,SHU,BAV,VAR,20260820,20260820,0,2,46,15,48,782,0,ASH,2,16,15,17
BAL,PAR,SHR,SHU,BAL,VAR,20260820,20260821,0,15,48,4,56,788,0,NAV,1,17,16,18
KOW,PAR,SHR,SHU,KOW,VAR,20260821,20260821,0,4,56,18,6,790,0,NAV,2,18,17,19
TAI,PAR,SHR,SHU,TAI,VAR,20260821,20260822,0,18,6,7,18,792,0,DAS,1,19,18,20
GAR,PAR,SHR,SHU,GAR,VAR,20260822,20260822,0,7,18,20,30,792,0,DAS,2,20,19,21
VAN,PAR,SHR,SHU,VAN,VAR,20260822,20260823,0,20,30,9,41,791,0,EKA,1,21,20,22
VIS,PAR,SHR,SHU,VIS,VAR,20260823,20260823,0,9,41,22,49,788,0,EKA,2,22,21,23
BAV,PAR,SHR,SHU,BAV,VAR,20260823,20260824,0,22,49,11,52,783,0,DWA,1,23,22,24
BAL,PAR,SHR,SHU,BAL,VAR,20260824,20260825,0,11,52,0,51,779,0,DWA,2,24,23,25
KOW,PAR,SHR,SHU,KOW,VAR,20260825,20260825,0,0,51,13,43,772,0,TRY,1,25,24,26
TAI,PAR,SHR,SHU,TAI,VAR,20260825,20260826,0,13,43,2,29,766,0,TRY,2,26,25,27
GAR,PAR,SHR,SHU,GAR,VAR,20260826,20260826,0,2,29,15,8,759,0,CHD,1,27,26,28
VAN,PAR,SHR,SHU,VAN,VAR,20260826,20260827,0,15,8,3,39,751,0,CHD,2,28,27,29
VIS,PAR,SHR,SHU,VIS,VAR,20260827,20260827,0,3,39,16,2,743,0,POU,1,29,28,30
BAV,PAR,SHR,SHU,BAV,VAR,20260827,20260828,0,16,2,4,18,736,0,POU,2,30,29,31
BAL,PAR,SHR,KRI,BAL,VAR,20260828,20260828,0,4,18,16,26,728,0,PRA,1,31,30,32
KOW,PAR,SHR,KRI,KOW,VAR,20260828,20260829,0,16,26,4,27,721,0,PRA,2,32,31,33
TAI,PAR,SHR,KRI,TAI,VAR,20260829,20260829,0,4,27,16,20,713,0,DWI,1,33,32,34
GAR,PAR,SHR,KRI,GAR,VAR,20260829,20260830,0,16,20,4,7,707,0,DWI,2,34,33,35
VAN,PAR,SHR,KRI,VAN,VAR,20260830,20260830,0,4,7,15,47,700,0,TRU,1,35,34,36
VIS,PAR,SHR,KRI,VIS,VAR,20260830,20260831,0,15,47,3,21,694,0,TRU,2,36,35,37
BAV,PAR,SHR,KRI,BAV,VAR,20260831,20260831,0,3,21,14,49,688,0,CHA,1,37,36,38
BAL,PAR,SHR,KRI,BAL,VAR,20260831,20260901,0,14,49,2,12,683,0,CHA,2,38,37,39
KOW,PAR,SHR,KRI,KOW,VAR,20260901,20260901,0,2,12,13,30,678,0,PAN,1,39,38,40
TAI,PAR,SHR,KRI,TAI,VAR,20260901,20260902,0,13,30,0,43,673,0,PAN,2,40,39,41
GAR,PAR,SHR,KRI,GAR,VAR,20260902,20260902,0,0,43,11,51,668,0,SHA,1,41,40,42
VAN,PAR,SHR,KRI,VAN,VAR,20260902,20260902,0,11,51,22,56,665,0,SHA,2,42,41,43
VIS,PAR,SHR,KRI,VIS,VAR,20260902,20260903,0,22,56,9,57,661,0,SAP,1,43,42,44
BAV,PAR,SHR,KRI,BAV,VAR,20260903,20260903,0,9,57,20,55,658,0,SAP,2,44,43,45
BAL,PAR,SHR,KRI,BAL,VAR,20260903,20260904,0,20,55,7,51,656,0,ASH,1,45,44,46
KOW,PAR,SHR,KRI,KOW,VAR,20260904,20260904,0,7,51,18,44,653,0,ASH,2,46,45,47
TAI,PAR,SHR,KRI,TAI,VAR,20260904,20260905,0,18,44,5,34,650,0,NAV,1,47,46,48
GAR,PAR,SHR,KRI,GAR,VAR,20260905,20260905,0,5,34,16,24,650,0,NAV,2,48,47,49
VAN,PAR,SHR,KRI,VAN,VAR,20260905,20260906,0,16,24,3,12,648,0,DAS,1,49,48,50
VIS,PAR,SHR,KRI,VIS,VAR,20260906,20260906,0,3,12,13,59,647,0,DAS,2,50,49,51
BAV,PAR,SHR,KRI,BAV,VAR,20260906,20260907,0,13,59,0,46,647,0,EKA,1,51,50,52
BAL,PAR,SHR,KRI,BAL,VAR,20260907,20260907,0,0,46,11,34,648,0,EKA,2,52,51,53
KOW,PAR,SHR,KRI,KOW,VAR,20260907,20260907,0,11,34,22,23,649,0,DWA,1,53,52,54
TAI,PAR,SHR,KRI,TAI,VAR,20260907,20260908,0,22,23,9,13,650,0,DWA,2,54,53,55
GAR,PAR,SHR,KRI,GAR,VAR,20260908,20260908,0,9,13,20,5,652,0,TRY,1,55,54,56
VAN,PAR,SHR,KRI,VAN,VAR,20260908,20260909,0,20,5,7,1,656,0,TRY,2,56,55,57
VIS,PAR,SHR,KRI,VIS,VAR,20260909,20260909,0,7,1,18,0,659,0,CHD,1,57,56,58
SHA,PAR,SHR,KRI,SHA,VAR,20260909,20260910,0,18,0,5,3,663,0,CHD,2,58,57,59
CHA,PAR,SHR,KRI,CHA,VAR,20260910,20260910,0,5,3,16,12,669,0,AMA,1,59,58,60
NAG,PAR,SHR,KRI,NAG,VAR,20260910,20260911,0,16,12,3,27,675,0,AMA,2,60,59,1
KIM,PAR,BHA,SHU,KIM,VAR,20260911,20260911,0,3,27,14,48,681,0,PRA,1,1,60,2
BAV,PAR,BHA,SHU,BAV,VAR,20260911,20260912,0,14,48,2,16,688,0,PRA,2,2,1,3
BAL,PAR,BHA,SHU,BAL,VAR,20260912,20260912,0,2,16,13,53,697,0,DWI,1,3,2,4
KOW,PAR,BHA,SHU,KOW,VAR,20260912,20260913,0,13,53,1,38,705,0,DWI,2,4,3,5
TAI,PAR,BHA,SHU,TAI,VAR,20260913,20260913,0,1,38,13,33,715,0,TRU,1,5,4,6
GAR,PAR,BHA,SHU,GAR,VAR,20260913,20260914,0,13,33,1,37,724,0,TRU,2,6,5,7
VAN,PAR,BHA,SHU,VAN,VAR,20260914,20260914,0,1,37,13,51,734,0,CHA,1,7,6,8
VIS,PAR,BHA,SHU,VIS,VAR,20260914,20260915,0,13,51,2,14,743,0,CHA,2,8,7,9
BAV,PAR,BHA,SHU,BAV,VAR,20260915,20260915,0,2,14,14,47,753,0,PAN,1,9,8,10
BAL,PAR,BHA,SHU,BAL,VAR,20260915,20260916,0,14,47,3,29,762,0,PAN,2,10,9,11
KOW,PAR,BHA,SHU,KOW,VAR,20260916,20260916,0,3,29,16,20,771,0,SHA,1,11,10,12
TAI,PAR,BHA,SHU,TAI,VAR,20260916,20260917,0,16,20,5,18,778,0,SHA,2,12,11,13
GAR,PAR,BHA,SHU,GAR,VAR,20260917,20260917,0,5,18,18,22,784,0,SAP,1,13,12,14
VAN,PAR,BHA,SHU,VAN,VAR,20260917,20260918,0,18,22,7,31,789,0,SAP,2,14,13,15
VIS,PAR,BHA,SHU,VIS,VAR,20260918,20260918,0,7,31,20,43,792,0,ASH,1,15,14,16
BAV,PAR,BHA,SHU,BAV,VAR,20260918,20260919,0,20,43,9,57,794,0,ASH,2,16,15,17
BAL,PAR,BHA,SHU,BAL,VAR,20260919,20260919,0,9,57,23,10,793,0,NAV,1,17,16,18
KOW,PAR,BHA,SHU,KOW,VAR,20260919,20260920,0,23,10,12,22,792,0,NAV,2,18,17,19
TAI,PAR,BHA,SHU,TAI,VAR,20260920,20260921,0,12,22,1,29,787,0,DAS,1,19,18,20
GAR,PAR,BHA,SHU,GAR,VAR,20260921,20260921,0,1,29,14,31,782,0,DAS,2,20,19,21
VAN,PAR,BHA,SHU,VAN,VAR,20260921,20260922,0,14,31,3,26,775,0,EKA,1,21,20,22
VIS,PAR,BHA,SHU,VIS,VAR,20260922,20260922,0,3,26,16,13,767,0,EKA,2,22,21,23
BAV,PAR,BHA,SHU,BAV,VAR,20260922,20260923,0,16,13,4,52,759,0,DWA,1,23,22,24
BAL,PAR,BHA,SHU,BAL,VAR,20260923,20260923,0,4,52,17,21,749,0,DWA,2,24,23,25
KOW,PAR,BHA,SHU,KOW,VAR,20260923,20260924,0,17,21,5,39,738,0,TRY,1,25,24,26
TAI,PAR,BHA,SHU,TAI,VAR,20260924,20260924,0,5,39,17,48,729,0,TRY,2,26,25,27
GAR,PAR,BHA,SHU,GAR,VAR,20260924,20260925,0,17,48,5,47,719,0,CHD,1,27,26,28
VAN,PAR,BHA,SHU,VAN,VAR,20260925,20260925,0,5,47,17,37,710,0,CHD,2,28,27,29
VIS,PAR,BHA,SHU,VIS,VAR,20260925,20260926,0,17,37,5,17,700,0,POU,1,29,28,30
BAV,PAR,BHA,SHU,BAV,VAR,20260926,20260926,0,5,17,16,49,692,0,POU,2,30,29,31
BAL,PAR,BHA,KRI,BAL,VAR,20260926,20260927,0,16,49,4,12,683,0,PRA,1,31,30,32
KOW,PAR,BHA,KRI,KOW,VAR,20260927,20260927,0,4,12,15,29,677,0,PRA,2,32,31,33
TAI,PAR,BHA,KRI,TAI,VAR,20260927,20260928,0,15,29,2,39,670,0,DWI,1,33,32,34
GAR,PAR,BHA,KRI,GAR,VAR,20260928,20260928,0,2,39,13,44,665,0,DWI,2,34,33,35
VAN,PAR,BHA,KRI,VAN,VAR,20260928,20260929,0,13,44,0,44,660,0,TRU,1,35,34,36
VIS,PAR,BHA,KRI,VIS,VAR,20260929,20260929,0,0,44,11,40,656,0,TRU,2,36,35,37
BAV,PAR,BHA,KRI,BAV,VAR,20260929,20260929,0,11,40,22,34,654,0,CHA,1,37,36,38
BAL,PAR,BHA,KRI,BAL,VAR,20260929,20260930,0,22,34,9,25,651,0,CHA,2,38,37,39
KOW,PAR,BHA,KRI,KOW,VAR,20260930,20260930,0,9,25,20,16,651,0,PAN,1,39,38,40
TAI,PAR,BHA,KRI,TAI,VAR,20260930,20261001,0,20,16,7,5,649,0,PAN,2,40,39,41
GAR,PAR,BHA,KRI,GAR,VAR,20261001,20261001,0,7,5,17,55,650,0,SHA,1,41,40,42
VAN,PAR,BHA,KRI,VAN,VAR,20261001,20261002,0,17,55,4,45,650,0,SHA,2,42,41,43
VIS,PAR,BHA,KRI,VIS,VAR,20261002,20261002,0,4,45,15,37,652,0,SAP,1,43,42,44
BAV,PAR,BHA,KRI,BAV,VAR,20261002,20261003,0,15,37,2,30,653,0,SAP,2,44,43,45
BAL,PAR,BHA,KRI,BAL,VAR,20261003,20261003,0,2,30,13,25,655,0,ASH,1,45,44,46
KOW,PAR,BHA,KRI,KOW,VAR,20261003,20261004,0,13,25,0,22,657,0,ASH,2,46,45,47
TAI,PAR,BHA,KRI,TAI,VAR,20261004,20261004,0,0,22,11,21,659,0,NAV,1,47,46,48
GAR,PAR,BHA,KRI,GAR,VAR,20261004,20261004,0,11,21,22,24,663,0,NAV,2,48,47,49
VAN,PAR,BHA,KRI,VAN,VAR,20261004,20261005,0,22,24,9,29,665,0,DAS,1,49,48,50
VIS,PAR,BHA,KRI,VIS,VAR,20261005,20261005,0,9,29,20,38,669,0,DAS,2,50,49,51
BAV,PAR,BHA,KRI,BAV,VAR,20261005,20261006,0,20,38,7,49,671,0,EKA,1,51,50,52
BAL,PAR,BHA,KRI,BAL,VAR,20261006,20261006,0,7,49,19,5,676,0,EKA,2,52,51,53
KOW,PAR,BHA,KRI,KOW,VAR,20261006,20261007,0,19,5,6,24,679,0,DWA,1,53,52,54
TAI,PAR,BHA,KRI,TAI,VAR,20261007,20261007,0,6,24,17,47,683,0,DWA,2,54,53,55
GAR,PAR,BHA,KRI,GAR,VAR,20261007,20261008,0,17,47,5,14,687,0,TRY,1,55,54,56
VAN,PAR,BHA,KRI,VAN,VAR,20261008,20261008,0,5,14,16,46,692,0,TRY,2,56,55,57
VIS,PAR,BHA,KRI,VIS,VAR,20261008,20261009,0,16,46,4,23,697,0,CHD,1,57,56,58
SHA,PAR,BHA,KRI,SHA,VAR,20261009,20261009,0,4,23,16,6,703,0,CHD,2,58,57,59
CHA,PAR,BHA,KRI,CHA,VAR,20261009,20261010,0,16,6,3,54,708,0,AMA,1,59,58,60
NAG,PAR,BHA,KRI,NAG,VAR,20261010,20261010,0,3,54,15,50,716,0,AMA,2,60,59,1
KIM,PAR,ASV,SHU,KIM,SHA,20261010,20261011,0,15,50,3,52,722,0,PRA,1,1,60,2
BAV,PAR,ASV,SHU,BAV,SHA,20261011,20261011,0,3,52,16,1,729,0,PRA,2,2,1,3
BAL,PAR,ASV,SHU,BAL,SHA,20261011,20261012,0,16,1,4,18,737,0,DWI,1,3,2,4
KOW,PAR,ASV,SHU,KOW,SHA,20261012,20261012,0,4,18,16,43,745,0,DWI,2,4,3,5
TAI,PAR,ASV,SHU,TAI,SHA,20261012,20261013,0,16,43,5,16,753,0,TRU,1,5,4,6
GAR,PAR,ASV,SHU,GAR,SHA,20261013,20261013,0,5,16,17,58,762,0,TRU,2,6,5,7
VAN,PAR,ASV,SHU,VAN,SHA,20261013,20261014,0,17,58,6,47,769,0,CHA,1,7,6,8
VIS,PAR,ASV,SHU,VIS,SHA,20261014,20261014,0,6,47,19,43,776,0,CHA,2,8,7,9
BAV,PAR,ASV,SHU,BAV,SHA,20261014,20261015,0,19,43,8,46,783,0,PAN,1,9,8,10
BAL,PAR,ASV,SHU,BAL,SHA,20261015,20261015,0,8,46,21,55,789,0,PAN,2,10,9,11
KOW,PAR,ASV,SHU,KOW,SHA,20261015,20261016,0,21,55,11,8,793,0,SHA,1,11,10,12
TAI,PAR,ASV,SHU,TAI,SHA,20261016,20261017,0,11,8,0,24,796,0,SHA,2,12,11,13
GAR,PAR,ASV,SHU,GAR,SHA,20261017,20261017,0,0,24,13,42,798,0,SAP,1,13,12,14
VAN,PAR,ASV,SHU,VAN,SHA,20261017,20261018,0,13,42,2,58,796,0,SAP,2,14,13,15
VIS,PAR,ASV,SHU,VIS,SHA,20261018,20261018,0,2,58,16,12,794,0,ASH,1,15,14,16
BAV,PAR,ASV,SHU,BAV,SHA,20261018,20261019,0,16,12,5,22,790,0,ASH,2,16,15,17
BAL,PAR,ASV,SHU,BAL,SHA,20261019,20261019,0,5,22,18,25,783,0,NAV,1,17,16,18
KOW,PAR,ASV,SHU,KOW,SHA,20261019,20261020,0,18,25,7,20,775,0,NAV,2,18,17,19
TAI,PAR,ASV,SHU,TAI,SHA,20261020,20261020,0,7,20,20,6,766,0,DAS,1,19,18,20
GAR,PAR,ASV,SHU,GAR,SHA,20261020,20261021,0,20,6,8,42,756,0,DAS,2,20,19,21
VAN,PAR,ASV,SHU,VAN,SHA,20261021,20261021,0,8,42,21,6,744,0,EKA,1,21,20,22
VIS,PAR,ASV,SHU,VIS,SHA,20261021,20261022,0,21,6,9,18,732,0,EKA,2,22,21,23
BAV,PAR,ASV,SHU,BAV,SHA,20261022,20261022,0,9,18,21,18,720,0,DWA,1,23,22,24
BAL,PAR,ASV,SHU,BAL,SHA,20261022,20261023,0,21,18,9,6,708,0,DWA,2,24,23,25
KOW,PAR,ASV,SHU,KOW,SHA,20261023,20261023,0,9,6,20,42,696,0,TRY,1,25,24,26
TAI,PAR,ASV,SHU,TAI,SHA,20261023,20261024,0,20,42,8,7,685,0,TRY,2,26,25,27
GAR,PAR,ASV,SHU,GAR,SHA,20261024,20261024,0,8,7,19,21,674,0,CHD,1,27,26,28
VAN,PAR,ASV,SHU,VAN,SHA,20261024,20261025,0,19,21,6,26,665,0,CHD,2,28,27,29
VIS,PAR,ASV,SHU,VIS,SHA,20261025,20261025,0,6,26,17,22,656,0,POU,1,29,28,30
BAV,PAR,ASV,SHU,BAV,SHA,20261025,20261026,0,17,22,4,11,649,0,POU,2,30,29,31
BAL,PAR,ASV,KRI,BAL,SHA,20261026,20261026,0,4,11,14,54,643,0,PRA,1,31,30,32
KOW,PAR,ASV,KRI,KOW,SHA,20261026,20261027,0,14,54,1,32,638,0,PRA,2,32,31,33
TAI,PAR,ASV,KRI,TAI,SHA,20261027,20261027,0,1,32,12,6,634,0,DWI,1,33,32,34
GAR,PAR,ASV,KRI,GAR,SHA,20261027,20261027,0,12,6,22,37,631,0,DWI,2,34,33,35
VAN,PAR,ASV,KRI,VAN,SHA,20261027,20261028,0,22,37,9,7,630,0,TRU,1,35,34,36
VIS,PAR,ASV,KRI,VIS,SHA,20261028,20261028,0,9,7,19,37,630,0,TRU,2,36,35,37
BAV,PAR,ASV,KRI,BAV,SHA,20261028,20261029,0,19,37,6,7,630,0,CHA,1,37,36,38
BAL,PAR,ASV,KRI,BAL,SHA,20261029,20261029,0,6,7,16,40,633,0,CHA,2,38,37,39
KOW,PAR,ASV,KRI,KOW,SHA,20261029,20261030,0,16,40,3,16,636,0,PAN,1,39,38,40
TAI,PAR,ASV,KRI,TAI,SHA,20261030,20261030,0,3,16,13,55,639,0,PAN,2,40,39,41
GAR,PAR,ASV,KRI,GAR,SHA,20261030,20261031,0,13,55,0,39,644,0,SHA,1,41,40,42
VAN,PAR,ASV,KRI,VAN,SHA,20261031,20261031,0,0,39,11,27,648,0,SHA,2,42,41,43
VIS,PAR,ASV,KRI,VIS,SHA,20261031,20261031,0,11,27,22,22,655,0,SAP,1,43,42,44
BAV,PAR,ASV,KRI,BAV,SHA,20261031,20261101,0,22,22,9,22,660,0,SAP,2,44,43,45
BAL,PAR,ASV,KRI,BAL,SHA,20261101,20261101,0,9,22,20,28,666,0,ASH,1,45,44,46
KOW,PAR,ASV,KRI,KOW,SHA,20261101,20261102,0,20,28,7,41,673,0,ASH,2,46,45,47
TAI,PAR,ASV,KRI,TAI,SHA,20261102,20261102,0,7,41,18,59,678,0,NAV,1,47,46,48
GAR,PAR,ASV,KRI,GAR,SHA,20261102,20261103,0,18,59,6,25,686,0,NAV,2,48,47,49
VAN,PAR,ASV,KRI,VAN,SHA,20261103,20261103,0,6,25,17,56,691,0,DAS,1,49,48,50
VIS,PAR,ASV,KRI,VIS,SHA,20261103,20261104,0,17,56,5,33,697,0,DAS,2,50,49,51
BAV,PAR,ASV,KRI,BAV,SHA,20261104,20261104,0,5,33,17,17,704,0,EKA,1,51,50,52
BAL,PAR,ASV,KRI,BAL,SHA,20261104,20261105,0,17,17,5,6,709,0,EKA,2,52,51,53
KOW,PAR,ASV,KRI,KOW,SHA,20261105,20261105,0,5,6,17,0,714,0,DWA,1,53,52,54
TAI,PAR,ASV,KRI,TAI,SHA,20261105,20261106,0,17,0,5,1,721,0,DWA,2,54,53,55
GAR,PAR,ASV,KRI,GAR,SHA,20261106,20261106,0,5,1,17,6,725,0,TRY,1,55,54,56
VAN,PAR,ASV,KRI,VAN,SHA,20261106,20261107,0,17,6,5,18,732,0,TRY,2,56,55,57
VIS,PAR,ASV,KRI,VIS,SHA,20261107,20261107,0,5,18,17,35,737,0,CHD,1,57,56,58
SHA,PAR,ASV,KRI,SHA,SHA,20261107,20261108,0,17,35,5,58,743,0,CHD,2,58,57,59
CHA,PAR,ASV,KRI,CHA,SHA,20261108,20261108,0,5,58,18,27,749,0,AMA,1,59,58,60
NAG,PAR,ASV,KRI,NAG,SHA,20261108,20261109,0,18,27,7,2,755,0,AMA,2,60,59,1
KIM,PAR,KAR,SHU,KIM,SHA,20261109,20261109,0,7,2,19,43,761,0,PRA,1,1,60,2
BAV,PAR,KAR,SHU,BAV,SHA,20261109,20261110,0,19,43,8,30,767,0,PRA,2,2,1,3
BAL,PAR,KAR,SHU,BAL,SHA,20261110,20261110,0,8,30,21,24,774,0,DWI,1,3,2,4
KOW,PAR,KAR,SHU,KOW,SHA,20261110,20261111,0,21,24,10,23,779,0,DWI,2,4,3,5
TAI,PAR,KAR,SHU,TAI,SHA,20261111,20261111,0,10,23,23,29,786,0,TRU,1,5,4,6
GAR,PAR,KAR,SHU,GAR,SHA,20261111,20261112,0,23,29,12,39,790,0,TRU,2,6,5,7
VAN,PAR,KAR,SHU,VAN,SHA,20261112,20261113,0,12,39,1,54,795,0,CHA,1,7,6,8
VIS,PAR,KAR,SHU,VIS,SHA,20261113,20261113,0,1,54,15,13,799,0,CHA,2,8,7,9
BAV,PAR,KAR,SHU,BAV,SHA,20261113,20261114,0,15,13,4,33,800,0,PAN,1,9,8,10
BAL,PAR,KAR,SHU,BAL,SHA,20261114,20261114,0,4,33,17,54,801,0,PAN,2,10,9,11
KOW,PAR,KAR,SHU,KOW,SHA,20261114,20261115,0,17,54,7,14,800,0,SHA,1,11,10,12
TAI,PAR,KAR,SHU,TAI,SHA,20261115,20261115,0,7,14,20,31,797,0,SHA,2,12,11,13
GAR,PAR,KAR,SHU,GAR,SHA,20261115,20261116,0,20,31,9,44,793,0,SAP,1,13,12,14
VAN,PAR,KAR,SHU,VAN,SHA,20261116,20261116,0,9,44,22,50,786,0,SAP,2,14,13,15
VIS,PAR,KAR,SHU,VIS,SHA,20261116,20261117,0,22,50,11,47,777,0,ASH,1,15,14,16
BAV,PAR,KAR,SHU,BAV,SHA,20261117,20261118,0,11,47,0,35,768,0,ASH,2,16,15,17
BAL,PAR,KAR,SHU,BAL,SHA,20261118,20261118,0,0,35,13,12,757,0,NAV,1,17,16,18
KOW,PAR,KAR,SHU,KOW,SHA,20261118,20261119,0,13,12,1,36,744,0,NAV,2,18,17,19
TAI,PAR,KAR,SHU,TAI,SHA,20261119,20261119,0,1,36,13,48,732,0,DAS,1,19,18,20
GAR,PAR,KAR,SHU,GAR,SHA,20261119,20261120,0,13,48,1,46,718,0,DAS,2,20,19,21
VAN,PAR,KAR,SHU,VAN,SHA,20261120,20261120,0,1,46,13,30,704,0,EKA,1,21,20,22
VIS,PAR,KAR,SHU,VIS,SHA,20261120,20261121,0,13,30,1,1,691,0,EKA,2,22,21,23
BAV,PAR,KAR,SHU,BAV,SHA,20261121,20261121,0,1,1,12,20,679,0,DWA,1,23,22,24
BAL,PAR,KAR,SHU,BAL,SHA,20261121,20261121,0,12,20,23,26,666,0,DWA,2,24,23,25
KOW,PAR,KAR,SHU,KOW,SHA,20261121,20261122,0,23,26,10,22,656,0,TRY,1,25,24,26
TAI,PAR,KAR,SHU,TAI,SHA,20261122,20261122,0,10,22,21,7,645,0,TRY,2,26,25,27
GAR,PAR,KAR,SHU,GAR,SHA,20261122,20261123,0,21,7,7,44,637,0,CHD,1,27,26,28
VAN,PAR,KAR,SHU,VAN,SHA,20261123,20261123,0,7,44,18,12,628,0,CHD,2,28,27,29
VIS,PAR,KAR,SHU,VIS,SHA,20261123,20261124,0,18,12,4,35,623,0,POU,1,29,28,30
BAV,PAR,KAR,SHU,BAV,SHA,20261124,20261124,0,4,35,14,53,618,0,POU,2,30,29,31
BAL,PAR,KAR,KRI,BAL,SHA,20261124,20261125,0,14,53,1,8,615,0,PRA,1,31,30,32
KOW,PAR,KAR,KRI,KOW,SHA,20261125,20261125,0,1,8,11,20,612,0,PRA,2,32,31,33
TAI,PAR,KAR,KRI,TAI,SHA,20261125,20261125,0,11,20,21,32,612,0,DWI,1,33,32,34
GAR,PAR,KAR,KRI,GAR,SHA,20261125,20261126,0,21,32,7,45,613,0,DWI,2,34,33,35
VAN,PAR,KAR,KRI,VAN,SHA,20261126,20261126,0,7,45,18,0,615,0,TRU,1,35,34,36
VIS,PAR,KAR,KRI,VIS,SHA,20261126,20261127,0,18,0,4,19,619,0,TRU,2,36,35,37
BAV,PAR,KAR,KRI,BAV,SHA,20261127,20261127,0,4,19,14,41,622,0,CHA,1,37,36,38
BAL,PAR,KAR,KRI,BAL,SHA,20261127,20261128,0,14,41,1,10,629,0,CHA,2,38,37,39
KOW,PAR,KAR,KRI,KOW,SHA,20261128,20261128,0,1,10,11,45,635,0,PAN,1,39,38,40
TAI,PAR,KAR,KRI,TAI,SHA,20261128,20261128,0,11,45,22,27,642,0,PAN,2,40,39,41
GAR,PAR,KAR,KRI,GAR,SHA,20261128,20261129,0,22,27,9,18,651,0,SHA,1,41,40,42
VAN,PAR,KAR,KRI,VAN,SHA,20261129,20261129,0,9,18,20,17,659,0,SHA,2,42,41,43
VIS,PAR,KAR,KRI,VIS,SHA,20261129,20261130,0,20,17,7,25,668,0,SAP,1,43,42,44
BAV,PAR,KAR,KRI,BAV,SHA,20261130,20261130,0,7,25,18,42,677,0,SAP,2,44,43,45
BAL,PAR,KAR,KRI,BAL,SHA,20261130,20261201,0,18,42,6,8,686,0,ASH,1,45,44,46
KOW,PAR,KAR,KRI,KOW,SHA,20261201,20261201,0,6,8,17,44,696,0,ASH,2,46,45,47
TAI,PAR,KAR,KRI,TAI,SHA,20261201,20261202,0,17,44,5,29,705,0,NAV,1,47,46,48
GAR,PAR,KAR,KRI,GAR,SHA,20261202,20261202,0,5,29,17,22,713,0,NAV,2,48,47,49
VAN,PAR,KAR,KRI,VAN,SHA,20261202,20261203,0,17,22,5,24,722,0,DAS,1,49,48,50
VIS,PAR,KAR,KRI,VIS,SHA,20261203,20261203,0,5,24,17,34,730,0,DAS,2,50,49,51
BAV,PAR,KAR,KRI,BAV,SHA,20261203,20261204,0,17,34,5,51,737,0,EKA,1,51,50,52
BAL,PAR,KAR,KRI,BAL,SHA,20261204,20261204,0,5,51,18,15,744,0,EKA,2,52,51,53
KOW,PAR,KAR,KRI,KOW,SHA,20261204,20261205,0,18,15,6,45,750,0,DWA,1,53,52,54
TAI,PAR,KAR,KRI,TAI,SHA,20261205,20261205,0,6,45,19,22,757,0,DWA,2,54,53,55
GAR,PAR,KAR,KRI,GAR,SHA,20261205,20261206,0,19,22,8,4,762,0,TRY,1,55,54,56
VAN,PAR,KAR,KRI,VAN,SHA,20261206,20261206,0,8,4,20,52,768,0,TRY,2,56,55,57
VIS,PAR,KAR,KRI,VIS,SHA,20261206,20261207,0,20,52,9,45,773,0,CHD,1,57,56,58
SHA,PAR,KAR,KRI,SHA,SHA,20261207,20261207,0,9,45,22,43,778,0,CHD,2,58,57,59
CHA,PAR,KAR,KRI,CHA,SHA,20261207,20261208,0,22,43,11,45,782,0,AMA,1,59,58,60
NAG,PAR,KAR,KRI,NAG,SHA,20261208,20261209,0,11,45,0,51,786,0,AMA,2,60,59,1
KIM,PAR,MGS,SHU,KIM,HEM,20261209,20261209,0,0,51,14,2,791,0,PRA,1,1,60,2
BAV,PAR,MGS,SHU,BAV,HEM,20261209,20261210,0,14,2,3,16,794,0,PRA,2,2,1,3
BAL,PAR,MGS,SHU,BAL,HEM,20261210,20261210,0,3,16,16,33,797,0,DWI,1,3,2,4
KOW,PAR,MGS,SHU,KOW,HEM,20261210,20261211,0,16,33,5,53,800,0,DWI,2,4,3,5
TAI,PAR,MGS,SHU,TAI,HEM,20261211,20261211,0,5,53,19,14,801,0,TRU,1,5,4,6
GAR,PAR,MGS,SHU,GAR,HEM,20261211,20261212,0,19,14,8,36,802,0,TRU,2,6,5,7
VAN,PAR,MGS,SHU,VAN,HEM,20261212,20261212,0,8,36,21,58,802,0,CHA,1,7,6,8
VIS,PAR,MGS,SHU,VIS,HEM,20261212,20261213,0,21,58,11,18,800,0,CHA,2,8,7,9
BAV,PAR,MGS,SHU,BAV,HEM,20261213,20261214,0,11,18,0,34,796,0,PAN,1,9,8,10
BAL,PAR,MGS,SHU,BAL,HEM,20261214,20261214,0,0,34,13,46,792,0,PAN,2,10,9,11
KOW,PAR,MGS,SHU,KOW,HEM,20261214,20261215,0,13,46,2,52,786,0,SHA,1,11,10,12
TAI,PAR,MGS,SHU,TAI,HEM,20261215,20261215,0,2,52,15,49,777,0,SHA,2,12,11,13
GAR,PAR,MGS,SHU,GAR,HEM,20261215,20261216,0,15,49,4,38,769,0,SAP,1,13,12,14
VAN,PAR,MGS,SHU,VAN,HEM,20261216,20261216,0,4,38,17,16,758,0,SAP,2,14,13,15
VIS,PAR,MGS,SHU,VIS,HEM,20261216,20261217,0,17,16,5,42,746,0,ASH,1,15,14,16
BAV,PAR,MGS,SHU,BAV,HEM,20261217,20261217,0,5,42,17,56,734,0,ASH,2,16,15,17
BAL,PAR,MGS,SHU,BAL,HEM,20261217,20261218,0,17,56,5,57,721,0,NAV,1,17,16,18
KOW,PAR,MGS,SHU,KOW,HEM,20261218,20261218,0,5,57,17,44,707,0,NAV,2,18,17,19
TAI,PAR,MGS,SHU,TAI,HEM,20261218,20261219,0,17,44,5,18,694,0,DAS,1,19,18,20
GAR,PAR,MGS,SHU,GAR,HEM,20261219,20261219,0,5,18,16,39,681,0,DAS,2,20,19,21
VAN,PAR,MGS,SHU,VAN,HEM,20261219,20261220,0,16,39,3,48,669,0,EKA,1,21,20,22
VIS,PAR,MGS,SHU,VIS,HEM,20261220,20261220,0,3,48,14,45,657,0,EKA,2,22,21,23
BAV,PAR,MGS,SHU,BAV,HEM,20261220,20261221,0,14,45,1,30,645,0,DWA,1,23,22,24
BAL,PAR,MGS,SHU,BAL,HEM,20261221,20261221,0,1,30,12,6,636,0,DWA,2,24,23,25
KOW,PAR,MGS,SHU,KOW,HEM,20261221,20261221,0,12,6,22,34,628,0,TRY,1,25,24,26
TAI,PAR,MGS,SHU,TAI,HEM,20261221,20261222,0,22,34,8,54,620,0,TRY,2,26,25,27
GAR,PAR,MGS,SHU,GAR,HEM,20261222,20261222,0,8,54,19,8,614,0,CHD,1,27,26,28
VAN,PAR,MGS,SHU,VAN,HEM,20261222,20261223,0,19,8,5,17,609,0,CHD,2,28,27,29
VIS,PAR,MGS,SHU,VIS,HEM,20261223,20261223,0,5,17,15,23,606,0,POU,1,29,28,30
BAV,PAR,MGS,SHU,BAV,HEM,20261223,20261224,0,15,23,1,28,605,0,POU,2,30,29,31
BAL,PAR,MGS,KRI,BAL,HEM,20261224,20261224,0,1,28,11,32,604,0,PRA,1,31,30,32
KOW,PAR,MGS,KRI,KOW,HEM,20261224,20261224,0,11,32,21,37,605,0,PRA,2,32,31,33
TAI,PAR,MGS,KRI,TAI,HEM,20261224,20261225,0,21,37,7,45,608,0,DWI,1,33,32,34
GAR,PAR,MGS,KRI,GAR,HEM,20261225,20261225,0,7,45,17,56,611,0,DWI,2,34,33,35
VAN,PAR,MGS,KRI,VAN,HEM,20261225,20261226,0,17,56,4,12,616,0,TRU,1,35,34,36
VIS,PAR,MGS,KRI,VIS,HEM,20261226,20261226,0,4,12,14,35,623,0,TRU,2,36,35,37
BAV,PAR,MGS,KRI,BAV,HEM,20261226,20261227,0,14,35,1,5,630,0,CHA,1,37,36,38
BAL,PAR,MGS,KRI,BAL,HEM,20261227,20261227,0,1,5,11,43,638,0,CHA,2,38,37,39
KOW,PAR,MGS,KRI,KOW,HEM,20261227,20261227,0,11,43,22,31,648,0,PAN,1,39,38,40
TAI,PAR,MGS,KRI,TAI,HEM,20261227,20261228,0,22,31,9,28,657,0,PAN,2,40,39,41
GAR,PAR,MGS,KRI,GAR,HEM,20261228,20261228,0,9,28,20,36,668,0,SHA,1,41,40,42
VAN,PAR,MGS,KRI,VAN,HEM,20261228,20261229,0,20,36,7,55,679,0,SHA,2,42,41,43
VIS,PAR,MGS,KRI,VIS,HEM,20261229,20261229,0,7,55,19,25,690,0,SAP,1,43,42,44
BAV,PAR,MGS,KRI,BAV,HEM,20261229,20261230,0,19,25,7,6,701,0,SAP,2,44,43,45
BAL,PAR,MGS,KRI,BAL,HEM,20261230,20261230,0,7,6,18,59,713,0,ASH,1,45,44,46
KOW,PAR,MGS,KRI,KOW,HEM,20261230,20261231,0,18,59,7,2,723,0,ASH,2,46,45,47
TAI,PAR,MGS,KRI,TAI,HEM,20261231,20261231,0,7,2,19,16,734,0,NAV,1,47,46,48
GAR,PAR,MGS,KRI,GAR,HEM,20261231,20270101,0,19,16,7,40,744,0,NAV,2,48,47,49
VAN,PAR,MGS,KRI,VAN,HEM,20270101,20270101,0,7,40,20,13,753,0,DAS,1,49,48,50
VIS,PAR,MGS,KRI,VIS,HEM,20270101,20270102,0,20,13,8,54,761,0,DAS,2,50,49,51
BAV,PAR,MGS,KRI,BAV,HEM,20270102,20270102,0,8,54,21,43,769,0,EKA,1,51,50,52
BAL,PAR,MGS,KRI,BAL,HEM,20270102,20270103,0,21,43,10,38,775,0,EKA,2,52,51,53
KOW,PAR,MGS,KRI,KOW,HEM,20270103,20270103,0,10,38,23,40,782,0,DWA,1,53,52,54
TAI,PAR,MGS,KRI,TAI,HEM,20270103,20270104,0,23,40,12,46,786,0,DWA,2,54,53,55
GAR,PAR,MGS,KRI,GAR,HEM,20270104,20270105,0,12,46,1,56,790,0,TRY,1,55,54,56
VAN,PAR,MGS,KRI,VAN,HEM,20270105,20270105,0,1,56,15,10,794,0,TRY,2,56,55,57
VIS,PAR,MGS,KRI,VIS,HEM,20270105,20270106,0,15,10,4,26,796,0,CHD,1,57,56,58
SHA,PAR,MGS,KRI,SHA,HEM,20270106,20270106,0,4,26,17,44,798,0,CHD,2,58,57,59
CHA,PAR,MGS,KRI,CHA,HEM,20270106,20270107,0,17,44,7,4,800,0,AMA,1,59,58,60
NAG,PAR,MGS,KRI,NAG,HEM,20270107,20270107,0,7,4,20,24,800,0,AMA,2,60,59,1
KIM,PAR,PAU,SHU,KIM,HEM,20270107,20270108,0,20,24,9,44,800,0,PRA,1,1,60,2
BAV,PAR,PAU,SHU,BAV,HEM,20270108,20270108,0,9,44,23,4,800,0,PRA,2,2,1,3
BAL,PAR,PAU,SHU,BAL,HEM,20270108,20270109,0,23,4,12,22,798,0,DWI,1,3,2,4
KOW,PAR,PAU,SHU,KOW,HEM,20270109,20270110,0,12,22,1,37,795,0,DWI,2,4,3,5
TAI,PAR,PAU,SHU,TAI,HEM,20270110,20270110,0,1,37,14,50,793,0,TRU,1,5,4,6
GAR,PAR,PAU,SHU,GAR,HEM,20270110,20270111,0,14,50,3,58,788,0,TRU,2,6,5,7
VAN,PAR,PAU,SHU,VAN,HEM,20270111,20270111,0,3,58,17,2,784,0,CHA,1,7,6,8
VIS,PAR,PAU,SHU,VIS,HEM,20270111,20270112,0,17,2,5,59,777,0,CHA,2,8,7,9
BAV,PAR,PAU,SHU,BAV,HEM,20270112,20270112,0,5,59,18,50,771,0,PAN,1,9,8,10
BAL,PAR,PAU,SHU,BAL,HEM,20270112,20270113,0,18,50,7,32,762,0,PAN,2,10,9,11
KOW,PAR,PAU,SHU,KOW,HEM,20270113,20270113,0,7,32,20,5,753,0,SHA,1,11,10,12
TAI,PAR,PAU,SHU,TAI,HEM,20270113,20270114,0,20,5,8,29,744,0,SHA,2,12,11,13
GAR,PAR,PAU,SHU,GAR,HEM,20270114,20270114,0,8,29,20,42,733,0,SAP,1,13,12,14
VAN,PAR,PAU,SHU,VAN,HEM,20270114,20270115,0,20,42,8,43,721,0,SAP,2,14,13,15
VIS,PAR,PAU,SHU,VIS,HEM,20270115,20270115,0,8,43,20,34,711,0,ASH,1,15,14,16
BAV,PAR,PAU,SHU,BAV,HEM,20270115,20270116,0,20,34,8,13,699,0,ASH,2,16,15,17
BAL,PAR,PAU,SHU,BAL,HEM,20270116,20270116,0,8,13,19,41,688,0,NAV,1,17,16,18
KOW,PAR,PAU,SHU,KOW,HEM,20270116,20270117,0,19,41,6,57,676,0,NAV,2,18,17,19
TAI,PAR,PAU,SHU,TAI,HEM,20270117,20270117,0,6,57,18,2,665,0,DAS,1,19,18,20
GAR,PAR,PAU,SHU,GAR,HEM,20270117,20270118,0,18,2,4,57,655,0,DAS,2,20,19,21
VAN,PAR,PAU,SHU,VAN,HEM,20270118,20270118,0,4,57,15,43,646,0,EKA,1,21,20,22
VIS,PAR,PAU,SHU,VIS,HEM,20270118,20270119,0,15,43,2,20,637,0,EKA,2,22,21,23
BAV,PAR,PAU,SHU,BAV,HEM,20270119,20270119,0,2,20,12,49,629,0,DWA,1,23,22,24
BAL,PAR,PAU,SHU,BAL,HEM,20270119,20270119,0,12,49,23,11,622,0,DWA,2,24,23,25
KOW,PAR,PAU,SHU,KOW,HEM,20270119,20270120,0,23,11,9,29,618,0,TRY,1,25,24,26
TAI,PAR,PAU,SHU,TAI,HEM,20270120,20270120,0,9,29,19,42,613,0,TRY,2,26,25,27
GAR,PAR,PAU,SHU,GAR,HEM,20270120,20270121,0,19,42,5,52,610,0,CHD,1,27,26,28
VAN,PAR,PAU,SHU,VAN,HEM,20270121,20270121,0,5,52,16,0,608,0,CHD,2,28,27,29
VIS,PAR,PAU,SHU,VIS,HEM,20270121,20270122,0,16,0,2,8,608,0,POU,1,29,28,30
BAV,PAR,PAU,SHU,BAV,HEM,20270122,20270122,0,2,8,12,17,609,0,POU,2,30,29,31
BAL,PAR,PAU,KRI,BAL,HEM,20270122,20270122,0,12,17,22,28,611,0,PRA,1,31,30,32
KOW,PAR,PAU,KRI,KOW,HEM,20270122,20270123,0,22,28,8,43,615,0,PRA,2,32,31,33
TAI,PAR,PAU,KRI,TAI,HEM,20270123,20270123,0,8,43,19,2,619,0,DWI,1,33,32,34
GAR,PAR,PAU,KRI,GAR,HEM,20270123,20270124,0,19,2,5,27,625,0,DWI,2,34,33,35
VAN,PAR,PAU,KRI,VAN,HEM,20270124,20270124,0,5,27,16,0,633,0,TRU,1,35,34,36
VIS,PAR,PAU,KRI,VIS,HEM,20270124,20270125,0,16,0,2,40,640,0,TRU,2,36,35,37
BAV,PAR,PAU,KRI,BAV,HEM,20270125,20270125,0,2,40,13,30,650,0,CHA,1,37,36,38
BAL,PAR,PAU,KRI,BAL,HEM,20270125,20270126,0,13,30,0,30,660,0,CHA,2,38,37,39
KOW,PAR,PAU,KRI,KOW,HEM,20270126,20270126,0,0,30,11,41,671,0,PAN,1,39,38,40
TAI,PAR,PAU,KRI,TAI,HEM,20270126,20270126,0,11,41,23,3,682,0,PAN,2,40,39,41
GAR,PAR,PAU,KRI,GAR,HEM,20270126,20270127,0,23,3,10,37,694,0,SHA,1,41,40,42
VAN,PAR,PAU,KRI,VAN,HEM,20270127,20270127,0,10,37,22,24,707,0,SHA,2,42,41,43
VIS,PAR,PAU,KRI,VIS,HEM,20270127,20270128,0,22,24,10,22,718,0,SAP,1,43,42,44
BAV,PAR,PAU,KRI,BAV,HEM,20270128,20270128,0,10,22,22,33,731,0,SAP,2,44,43,45
BAL,PAR,PAU,KRI,BAL,HEM,20270128,20270129,0,22,33,10,55,742,0,ASH,1,45,44,46
KOW,PAR,PAU,KRI,KOW,HEM,20270129,20270129,0,10,55,23,28,753,0,ASH,2,46,45,47
TAI,PAR,PAU,KRI,TAI,HEM,20270129,20270130,0,23,28,12,11,763,0,NAV,1,47,46,48
GAR,PAR,PAU,KRI,GAR,HEM,20270130,20270131,0,12,11,1,4,773,0,NAV,2,48,47,49
VAN,PAR,PAU,KRI,VAN,HEM,20270131,20270131,0,1,4,14,4,780,0,DAS,1,49,48,50
VIS,PAR,PAU,KRI,VIS,HEM,20270131,20270201,0,14,4,3,11,787,0,DAS,2,50,49,51
BAV,PAR,PAU,KRI,BAV,HEM,20270201,20270201,0,3,11,16,24,793,0,EKA,1,51,50,52
BAL,PAR,PAU,KRI,BAL,HEM,20270201,20270202,0,16,24,5,40,796,0,EKA,2,52,51,53
KOW,PAR,PAU,KRI,KOW,HEM,20270202,20270202,0,5,40,19,0,800,0,DWA,1,53,52,54
TAI,PAR,PAU,KRI,TAI,HEM,20270202,20270203,0,19,0,8,20,800,0,DWA,2,54,53,55
GAR,PAR,PAU,KRI,GAR,HEM,20270203,20270203,0,8,20,21,41,801,0,TRY,1,55,54,56
VAN,PAR,PAU,KRI,VAN,HEM,20270203,20270204,0,21,41,11,1,800,0,TRY,2,56,55,57
VIS,PAR,PAU,KRI,VIS,HEM,20270204,20270205,0,11,1,0,20,799,0,CHD,1,57,56,58
SHA,PAR,PAU,KRI,SHA,HEM,20270205,20270205,0,0,20,13,35,795,0,CHD,2,58,57,59
CHA,PAR,PAU,KRI,CHA,HEM,20270205,20270206,0,13,35,2,48,793,0,AMA,1,59,58,60
NAG,PAR,PAU,KRI,NAG,HEM,20270206,20270206,0,2,48,15,56,788,0,AMA,2,60,59,1
KIM,PAR,MAG,SHU,KIM,SHI,20270206,20270207,0,15,56,4,59,783,0,PRA,1,1,60,2
BAV,PAR,MAG,SHU,BAV,SHI,20270207,20270207,0,4,59,17,57,778,0,PRA,2,2,1,3
BAL,PAR,MAG,SHU,BAL,SHI,20270207,20270208,0,17,57,6,50,773,0,DWI,1,3,2,4
KOW,PAR,MAG,SHU,KOW,SHI,20270208,20270208,0,6,50,19,36,766,0,DWI,2,4,3,5
TAI,PAR,MAG,SHU,TAI,SHI,20270208,20270209,0,19,36,8,17,761,0,TRU,1,5,4,6
GAR,PAR,MAG,SHU,GAR,SHI,20270209,20270209,0,8,17,20,50,753,0,TRU,2,6,5,7
VAN,PAR,MAG,SHU,VAN,SHI,20270209,20270210,0,20,50,9,16,746,0,CHA,1,7,6,8
VIS,PAR,MAG,SHU,VIS,SHI,20270210,20270210,0,9,16,21,35,739,0,CHA,2,8,7,9
BAV,PAR,MAG,SHU,BAV,SHI,20270210,20270211,0,21,35,9,45,730,0,PAN,1,9,8,10
BAL,PAR,MAG,SHU,BAL,SHI,20270211,20270211,0,9,45,21,48,723,0,PAN,2,10,9,11
KOW,PAR,MAG,SHU,KOW,SHI,20270211,20270212,0,21,48,9,43,715,0,SHA,1,11,10,12
TAI,PAR,MAG,SHU,TAI,SHI,20270212,20270212,0,9,43,21,29,706,0,SHA,2,12,11,13
GAR,PAR,MAG,SHU,GAR,SHI,20270212,20270213,0,21,29,9,7,698,0,SAP,1,13,12,14
VAN,PAR,MAG,SHU,VAN,SHI,20270213,20270213,0,9,7,20,37,690,0,SAP,2,14,13,15
VIS,PAR,MAG,SHU,VIS,SHI,20270213,20270214,0,20,37,7,58,681,0,ASH,1,15,14,16
BAV,PAR,MAG,SHU,BAV,SHI,20270214,20270214,0,7,58,19,11,673,0,ASH,2,16,15,17
BAL,PAR,MAG,SHU,BAL,SHI,20270214,20270215,0,19,11,6,16,665,0,NAV,1,17,16,18
KOW,PAR,MAG,SHU,KOW,SHI,20270215,20270215,0,6,16,17,14,658,0,NAV,2,18,17,19
TAI,PAR,MAG,SHU,TAI,SHI,20270215,20270216,0,17,14,4,5,651,0,DAS,1,19,18,20
GAR,PAR,MAG,SHU,GAR,SHI,20270216,20270216,0,4,5,14,49,644,0,DAS,2,20,19,21
VAN,PAR,MAG,SHU,VAN,SHI,20270216,20270217,0,14,49,1,28,639,0,EKA,1,21,20,22
VIS,PAR,MAG,SHU,VIS,SHI,20270217,20270217,0,1,28,12,2,634,0,EKA,2,22,21,23
BAV,PAR,MAG,SHU,BAV,SHI,20270217,20270217,0,12,2,22,31,629,0,DWA,1,23,22,24
BAL,PAR,MAG,SHU,BAL,SHI,20270217,20270218,0,22,31,8,58,627,0,DWA,2,24,23,25
KOW,PAR,MAG,SHU,KOW,SHI,20270218,20270218,0,8,58,19,22,624,0,TRY,1,25,24,26
TAI,PAR,MAG,SHU,TAI,SHI,20270218,20270219,0,19,22,5,44,622,0,TRY,2,26,25,27
GAR,PAR,MAG,SHU,GAR,SHI,20270219,20270219,0,5,44,16,7,623,0,CHD,1,27,26,28
VAN,PAR,MAG,SHU,VAN,SHI,20270219,20270220,0,16,7,2,30,623,0,CHD,2,28,27,29
VIS,PAR,MAG,SHU,VIS,SHI,20270220,20270220,0,2,30,12,55,625,0,POU,1,29,28,30
BAV,PAR,MAG,SHU,BAV,SHI,20270220,20270220,0,12,55,23,23,628,0,POU,2,30,29,31
BAL,PAR,MAG,KRI,BAL,SHI,20270220,20270221,0,23,23,9,55,632,0,PRA,1,31,30,32
KOW,PAR,MAG,KRI,KOW,SHI,20270221,20270221,0,9,55,20,33,638,0,PRA,2,32,31,33
TAI,PAR,MAG,KRI,TAI,SHI,20270221,20270222,0,20,33,7,17,644,0,DWI,1,33,32,34
GAR,PAR,MAG,KRI,GAR,SHI,20270222,20270222,0,7,17,18,9,652,0,DWI,2,34,33,35
VAN,PAR,MAG,KRI,VAN,SHI,20270222,20270223,0,18,9,5,9,660,0,TRU,1,35,34,36
VIS,PAR,MAG,KRI,VIS,SHI,20270223,20270223,0,5,9,16,19,670,0,TRU,2,36,35,37
BAV,PAR,MAG,KRI,BAV,SHI,20270223,20270224,0,16,19,3,39,680,0,CHA,1,37,36,38
BAL,PAR,MAG,KRI,BAL,SHI,20270224,20270224,0,3,39,15,10,691,0,CHA,2,38,37,39
KOW,PAR,MAG,KRI,KOW,SHI,20270224,20270225,0,15,10,2,53,703,0,PAN,1,39,38,40
TAI,PAR,MAG,KRI,TAI,SHI,20270225,20270225,0,2,53,14,48,715,0,PAN,2,40,39,41
GAR,PAR,MAG,KRI,GAR,SHI,20270225,20270226,0,14,48,2,54,726,0,SHA,1,41,40,42
VAN,PAR,MAG,KRI,VAN,SHI,20270226,20270226,0,2,54,15,13,739,0,SHA,2,42,41,43
VIS,PAR,MAG,KRI,VIS,SHI,20270226,20270227,0,15,13,3,43,750,0,SAP,1,43,42,44
BAV,PAR,MAG,KRI,BAV,SHI,20270227,20270227,0,3,43,16,25,762,0,SAP,2,44,43,45
BAL,PAR,MAG,KRI,BAL,SHI,20270227,20270228,0,16,25,5,16,771,0,ASH,1,45,44,46
KOW,PAR,MAG,KRI,KOW,SHI,20270228,20270228,0,5,16,18,16,780,0,ASH,2,46,45,47
TAI,PAR,MAG,KRI,TAI,SHI,20270228,20270301,0,18,16,7,24,788,0,NAV,1,47,46,48
GAR,PAR,MAG,KRI,GAR,SHI,20270301,20270301,0,7,24,20,37,793,0,NAV,2,48,47,49
VAN,PAR,MAG,KRI,VAN,SHI,20270301,20270302,0,20,37,9,55,798,0,DAS,1,49,48,50
VIS,PAR,MAG,KRI,VIS,SHI,20270302,20270302,0,9,55,23,14,799,0,DAS,2,50,49,51
BAV,PAR,MAG,KRI,BAV,SHI,20270302,20270303,0,23,14,12,35,801,0,EKA,1,51,50,52
BAL,PAR,MAG,KRI,BAL,SHI,20270303,20270304,0,12,35,1,54,799,0,EKA,2,52,51,53
KOW,PAR,MAG,KRI,KOW,SHI,20270304,20270304,0,1,54,15,11,797,0,DWA,1,53,52,54
TAI,PAR,MAG,KRI,TAI,SHI,20270304,20270305,0,15,11,4,24,793,0,DWA,2,54,53,55
GAR,PAR,MAG,KRI,GAR,SHI,20270305,20270305,0,4,24,17,32,788,0,TRY,1,55,54,56
VAN,PAR,MAG,KRI,VAN,SHI,20270305,20270306,0,17,32,6,34,782,0,TRY,2,56,55,57
VIS,PAR,MAG,KRI,VIS,SHI,20270306,20270306,0,6,34,19,29,775,0,CHD,1,57,56,58
SHA,PAR,MAG,KRI,SHA,SHI,20270306,20270307,0,19,29,8,16,767,0,CHD,2,58,57,59
CHA,PAR,MAG,KRI,CHA,SHI,20270307,20270307,0,8,16,20,57,761,0,AMA,1,59,58,60
NAG,PAR,MAG,KRI,NAG,SHI,20270307,20270308,0,20,57,9,29,752,0,AMA,2,60,59,1
KIM,PAR,PHA,SHU,KIM,SHI,20270308,20270308,0,9,29,21,54,745,0,PRA,1,1,60,2
BAV,PAR,PHA,SHU,BAV,SHI,20270308,20270309,0,21,54,10,11,737,0,PRA,2,2,1,3
BAL,PAR,PHA,SHU,BAL,SHI,20270309,20270309,0,10,11,22,20,729,0,DWI,1,3,2,4
KOW,PAR,PHA,SHU,KOW,SHI,20270309,20270310,0,22,20,10,23,723,0,DWI,2,4,3,5
TAI,PAR,PHA,SHU,TAI,SHI,20270310,20270310,0,10,23,22,18,715,0,TRU,1,5,4,6
GAR,PAR,PHA,SHU,GAR,SHI,20270310,20270311,0,22,18,10,7,709,0,TRU,2,6,5,7
VAN,PAR,PHA,SHU,VAN,SHI,20270311,20270311,0,10,7,21,50,703,0,CHA,1,7,6,8
VIS,PAR,PHA,SHU,VIS,SHI,20270311,20270312,0,21,50,9,27,697,0,CHA,2,8,7,9
BAV,PAR,PHA,SHU,BAV,SHI,20270312,20270312,0,9,27,20,59,692,0,PAN,1,9,8,10
BAL,PAR,PHA,SHU,BAL,SHI,20270312,20270313,0,20,59,8,25,686,0,PAN,2,10,9,11
KOW,PAR,PHA,SHU,KOW,SHI,20270313,20270313,0,8,25,19,46,681,0,SHA,1,11,10,12
TAI,PAR,PHA,SHU,TAI,SHI,20270313,20270314,0,19,46,7,2,676,0,SHA,2,12,11,13
GAR,PAR,PHA,SHU,GAR,SHI,20270314,20270314,0,7,2,18,14,672,0,SAP,1,13,12,14
VAN,PAR,PHA,SHU,VAN,SHI,20270314,20270315,0,18,14,5,21,667,0,SAP,2,14,13,15
VIS,PAR,PHA,SHU,VIS,SHI,20270315,20270315,0,5,21,16,25,664,0,ASH,1,15,14,16
BAV,PAR,PHA,SHU,BAV,SHI,20270315,20270316,0,16,25,3,24,659,0,ASH,2,16,15,17
BAL,PAR,PHA,SHU,BAL,SHI,20270316,20270316,0,3,24,14,21,657,0,NAV,1,17,16,18
KOW,PAR,PHA,SHU,KOW,SHI,20270316,20270317,0,14,21,1,14,653,0,NAV,2,18,17,19
TAI,PAR,PHA,SHU,TAI,SHI,20270317,20270317,0,1,14,12,4,650,0,DAS,1,19,18,20
GAR,PAR,PHA,SHU,GAR,SHI,20270317,20270317,0,12,4,22,51,647,0,DAS,2,20,19,21
VAN,PAR,PHA,SHU,VAN,SHI,20270317,20270318,0,22,51,9,37,646,0,EKA,1,21,20,22
VIS,PAR,PHA,SHU,VIS,SHI,20270318,20270318,0,9,37,20,21,644,0,EKA,2,22,21,23
BAV,PAR,PHA,SHU,BAV,SHI,20270318,20270319,0,20,21,7,4,643,0,DWA,1,23,22,24
BAL,PAR,PHA,SHU,BAL,SHI,20270319,20270319,0,7,4,17,47,643,0,DWA,2,24,23,25
KOW,PAR,PHA,SHU,KOW,SHI,20270319,20270320,0,17,47,4,31,644,0,TRY,1,25,24,26
TAI,PAR,PHA,SHU,TAI,SHI,20270320,20270320,0,4,31,15,15,644,0,TRY,2,26,25,27
GAR,PAR,PHA,SHU,GAR,SHI,20270320,20270321,0,15,15,2,2,647,0,CHD,1,27,26,28
VAN,PAR,PHA,SHU,VAN,SHI,20270321,20270321,0,2,2,12,52,650,0,CHD,2,28,27,29
VIS,PAR,PHA,SHU,VIS,SHI,20270321,20270321,0,12,52,23,45,653,0,POU,1,29,28,30
BAV,PAR,PHA,SHU,BAV,SHI,20270321,20270322,0,23,45,10,43,658,0,POU,2,30,29,31
BAL,PAR,PHA,KRI,BAL,SHI,20270322,20270322,0,10,43,21,47,664,0,PRA,1,31,30,32
KOW,PAR,PHA,KRI,KOW,SHI,20270322,20270323,0,21,47,8,58,671,0,PRA,2,32,31,33
TAI,PAR,PHA,KRI,TAI,SHI,20270323,20270323,0,8,58,20,17,679,0,DWI,1,33,32,34
GAR,PAR,PHA,KRI,GAR,SHI,20270323,20270324,0,20,17,7,44,687,0,DWI,2,34,33,35
VAN,PAR,PHA,KRI,VAN,SHI,20270324,20270324,0,7,44,19,21,697,0,TRU,1,35,34,36
VIS,PAR,PHA,KRI,VIS,SHI,20270324,20270325,0,19,21,7,8,707,0,TRU,2,36,35,37
BAV,PAR,PHA,KRI,BAV,SHI,20270325,20270325,0,7,8,19,5,717,0,CHA,1,37,36,38
BAL,PAR,PHA,KRI,BAL,SHI,20270325,20270326,0,19,5,7,13,728,0,CHA,2,38,37,39
KOW,PAR,PHA,KRI,KOW,SHI,20270326,20270326,0,7,13,19,33,740,0,PAN,1,39,38,40
TAI,PAR,PHA,KRI,TAI,SHI,20270326,20270327,0,19,33,8,3,750,0,PAN,2,40,39,41
GAR,PAR,PHA,KRI,GAR,SHI,20270327,20270327,0,8,3,20,44,761,0,SHA,1,41,40,42
VAN,PAR,PHA,KRI,VAN,SHI,20270327,20270328,0,20,44,9,35,771,0,SHA,2,42,41,43
VIS,PAR,PHA,KRI,VIS,SHI,20270328,20270328,0,9,35,22,34,779,0,SAP,1,43,42,44
BAV,PAR,PHA,KRI,BAV,SHI,20270328,20270329,0,22,34,11,41,787,0,SAP,2,44,43,45
BAL,PAR,PHA,KRI,BAL,SHI,20270329,20270330,0,11,41,0,53,792,0,ASH,1,45,44,46
KOW,PAR,PHA,KRI,KOW,SHI,20270330,20270330,0,0,53,14,10,797,0,ASH,2,46,45,47
TAI,PAR,PHA,KRI,TAI,SHI,20270330,20270331,0,14,10,3,28,798,0,NAV,1,47,46,48
GAR,PAR,PHA,KRI,GAR,SHI,20270331,20270331,0,3,28,16,46,798,0,NAV,2,48,47,49
VAN,PAR,PHA,KRI,VAN,SHI,20270331,20270401,0,16,46,6,3,797,0,DAS,1,49,48,50
VIS,PAR,PHA,KRI,VIS,SHI,20270401,20270401,0,6,3,19,15,792,0,DAS,2,50,49,51
BAV,PAR,PHA,KRI,BAV,SHI,20270401,20270402,0,19,15,8,22,787,0,EKA,1,51,50,52
BAL,PAR,PHA,KRI,BAL,SHI,20270402,20270402,0,8,22,21,22,780,0,EKA,2,52,51,53
KOW,PAR,PHA,KRI,KOW,SHI,20270402,20270403,0,21,22,10,14,772,0,DWA,1,53,52,54
TAI,PAR,PHA,KRI,TAI,SHI,20270403,20270403,0,10,14,22,57,763,0,DWA,2,54,53,55
GAR,PAR,PHA,KRI,GAR,SHI,20270403,20270404,0,22,57,11,30,753,0,TRY,1,55,54,56
VAN,PAR,PHA,KRI,VAN,SHI,20270404,20270404,0,11,30,23,53,743,0,TRY,2,56,55,57
VIS,PAR,PHA,KRI,VIS,SHI,20270404,20270405,0,23,53,12,7,734,0,CHD,1,57,56,58
SHA,PAR,PHA,KRI,SHA,SHI,20270405,20270406,0,12,7,0,10,723,0,CHD,2,58,57,59
CHA,PAR,PHA,KRI,CHA,SHI,20270406,20270406,0,0,10,12,5,715,0,AMA,1,59,58,60
NAG,PAR,PHA,KRI,NAG,SHI,20270406,20270406,0,12,5,23,51,706,0,AMA,2,60,59,1